rank,hand,category,description
1,AKQJT,SF,Royal Flush
2,KQJT9,SF,King-High Straight Flush
3,QJT98,SF,Queen-High Straight Flush
4,JT987,SF,Jack-High Straight Flush
5,T9876,SF,Ten-High Straight Flush
6,98765,SF,Nine-High Straight Flush
7,87654,SF,Eight-High Straight Flush
8,76543,SF,Seven-High Straight Flush
9,65432,SF,Six-High Straight Flush
10,5432A,SF,Five-High Straight Flush
11,AAAAK,4K,Four Aces
12,AAAAQ,4K,Four Aces
13,AAAAJ,4K,Four Aces
14,AAAAT,4K,Four Aces
15,AAAA9,4K,Four Aces
16,AAAA8,4K,Four Aces
17,AAAA7,4K,Four Aces
18,AAAA6,4K,Four Aces
19,AAAA5,4K,Four Aces
20,AAAA4,4K,Four Aces
21,AAAA3,4K,Four Aces
22,AAAA2,4K,Four Aces
23,KKKKA,4K,Four Kings
24,KKKKQ,4K,Four Kings
25,KKKKJ,4K,Four Kings
26,KKKKT,4K,Four Kings
27,KKKK9,4K,Four Kings
28,KKKK8,4K,Four Kings
29,KKKK7,4K,Four Kings
30,KKKK6,4K,Four Kings
31,KKKK5,4K,Four Kings
32,KKKK4,4K,Four Kings
33,KKKK3,4K,Four Kings
34,KKKK2,4K,Four Kings
35,QQQQA,4K,Four Queens
36,QQQQK,4K,Four Queens
37,QQQQJ,4K,Four Queens
38,QQQQT,4K,Four Queens
39,QQQQ9,4K,Four Queens
40,QQQQ8,4K,Four Queens
41,QQQQ7,4K,Four Queens
42,QQQQ6,4K,Four Queens
43,QQQQ5,4K,Four Queens
44,QQQQ4,4K,Four Queens
45,QQQQ3,4K,Four Queens
46,QQQQ2,4K,Four Queens
47,JJJJA,4K,Four Jacks
48,JJJJK,4K,Four Jacks
49,JJJJQ,4K,Four Jacks
50,JJJJT,4K,Four Jacks
51,JJJJ9,4K,Four Jacks
52,JJJJ8,4K,Four Jacks
53,JJJJ7,4K,Four Jacks
54,JJJJ6,4K,Four Jacks
55,JJJJ5,4K,Four Jacks
56,JJJJ4,4K,Four Jacks
57,JJJJ3,4K,Four Jacks
58,JJJJ2,4K,Four Jacks
59,TTTTA,4K,Four Tens
60,TTTTK,4K,Four Tens
61,TTTTQ,4K,Four Tens
62,TTTTJ,4K,Four Tens
63,TTTT9,4K,Four Tens
64,TTTT8,4K,Four Tens
65,TTTT7,4K,Four Tens
66,TTTT6,4K,Four Tens
67,TTTT5,4K,Four Tens
68,TTTT4,4K,Four Tens
69,TTTT3,4K,Four Tens
70,TTTT2,4K,Four Tens
71,9999A,4K,Four Nines
72,9999K,4K,Four Nines
73,9999Q,4K,Four Nines
74,9999J,4K,Four Nines
75,9999T,4K,Four Nines
76,99998,4K,Four Nines
77,99997,4K,Four Nines
78,99996,4K,Four Nines
79,99995,4K,Four Nines
80,99994,4K,Four Nines
81,99993,4K,Four Nines
82,99992,4K,Four Nines
83,8888A,4K,Four Eights
84,8888K,4K,Four Eights
85,8888Q,4K,Four Eights
86,8888J,4K,Four Eights
87,8888T,4K,Four Eights
88,88889,4K,Four Eights
89,88887,4K,Four Eights
90,88886,4K,Four Eights
91,88885,4K,Four Eights
92,88884,4K,Four Eights
93,88883,4K,Four Eights
94,88882,4K,Four Eights
95,7777A,4K,Four Sevens
96,7777K,4K,Four Sevens
97,7777Q,4K,Four Sevens
98,7777J,4K,Four Sevens
99,7777T,4K,Four Sevens
100,77779,4K,Four Sevens
101,77778,4K,Four Sevens
102,77776,4K,Four Sevens
103,77775,4K,Four Sevens
104,77774,4K,Four Sevens
105,77773,4K,Four Sevens
106,77772,4K,Four Sevens
107,6666A,4K,Four Sixes
108,6666K,4K,Four Sixes
109,6666Q,4K,Four Sixes
110,6666J,4K,Four Sixes
111,6666T,4K,Four Sixes
112,66669,4K,Four Sixes
113,66668,4K,Four Sixes
114,66667,4K,Four Sixes
115,66665,4K,Four Sixes
116,66664,4K,Four Sixes
117,66663,4K,Four Sixes
118,66662,4K,Four Sixes
119,5555A,4K,Four Fives
120,5555K,4K,Four Fives
121,5555Q,4K,Four Fives
122,5555J,4K,Four Fives
123,5555T,4K,Four Fives
124,55559,4K,Four Fives
125,55558,4K,Four Fives
126,55557,4K,Four Fives
127,55556,4K,Four Fives
128,55554,4K,Four Fives
129,55553,4K,Four Fives
130,55552,4K,Four Fives
131,4444A,4K,Four Fours
132,4444K,4K,Four Fours
133,4444Q,4K,Four Fours
134,4444J,4K,Four Fours
135,4444T,4K,Four Fours
136,44449,4K,Four Fours
137,44448,4K,Four Fours
138,44447,4K,Four Fours
139,44446,4K,Four Fours
140,44445,4K,Four Fours
141,44443,4K,Four Fours
142,44442,4K,Four Fours
143,3333A,4K,Four Treys
144,3333K,4K,Four Treys
145,3333Q,4K,Four Treys
146,3333J,4K,Four Treys
147,3333T,4K,Four Treys
148,33339,4K,Four Treys
149,33338,4K,Four Treys
150,33337,4K,Four Treys
151,33336,4K,Four Treys
152,33335,4K,Four Treys
153,33334,4K,Four Treys
154,33332,4K,Four Treys
155,2222A,4K,Four Deuces
156,2222K,4K,Four Deuces
157,2222Q,4K,Four Deuces
158,2222J,4K,Four Deuces
159,2222T,4K,Four Deuces
160,22229,4K,Four Deuces
161,22228,4K,Four Deuces
162,22227,4K,Four Deuces
163,22226,4K,Four Deuces
164,22225,4K,Four Deuces
165,22224,4K,Four Deuces
166,22223,4K,Four Deuces
167,AAAKK,FH,Aces Full over Kings
168,AAAQQ,FH,Aces Full over Queens
169,AAAJJ,FH,Aces Full over Jacks
170,AAATT,FH,Aces Full over Tens
171,AAA99,FH,Aces Full over Nines
172,AAA88,FH,Aces Full over Eights
173,AAA77,FH,Aces Full over Sevens
174,AAA66,FH,Aces Full over Sixes
175,AAA55,FH,Aces Full over Fives
176,AAA44,FH,Aces Full over Fours
177,AAA33,FH,Aces Full over Treys
178,AAA22,FH,Aces Full over Deuces
179,KKKAA,FH,Kings Full over Aces
180,KKKQQ,FH,Kings Full over Queens
181,KKKJJ,FH,Kings Full over Jacks
182,KKKTT,FH,Kings Full over Tens
183,KKK99,FH,Kings Full over Nines
184,KKK88,FH,Kings Full over Eights
185,KKK77,FH,Kings Full over Sevens
186,KKK66,FH,Kings Full over Sixes
187,KKK55,FH,Kings Full over Fives
188,KKK44,FH,Kings Full over Fours
189,KKK33,FH,Kings Full over Treys
190,KKK22,FH,Kings Full over Deuces
191,QQQAA,FH,Queens Full over Aces
192,QQQKK,FH,Queens Full over Kings
193,QQQJJ,FH,Queens Full over Jacks
194,QQQTT,FH,Queens Full over Tens
195,QQQ99,FH,Queens Full over Nines
196,QQQ88,FH,Queens Full over Eights
197,QQQ77,FH,Queens Full over Sevens
198,QQQ66,FH,Queens Full over Sixes
199,QQQ55,FH,Queens Full over Fives
200,QQQ44,FH,Queens Full over Fours
201,QQQ33,FH,Queens Full over Treys
202,QQQ22,FH,Queens Full over Deuces
203,JJJAA,FH,Jacks Full over Aces
204,JJJKK,FH,Jacks Full over Kings
205,JJJQQ,FH,Jacks Full over Queens
206,JJJTT,FH,Jacks Full over Tens
207,JJJ99,FH,Jacks Full over Nines
208,JJJ88,FH,Jacks Full over Eights
209,JJJ77,FH,Jacks Full over Sevens
210,JJJ66,FH,Jacks Full over Sixes
211,JJJ55,FH,Jacks Full over Fives
212,JJJ44,FH,Jacks Full over Fours
213,JJJ33,FH,Jacks Full over Treys
214,JJJ22,FH,Jacks Full over Deuces
215,TTTAA,FH,Tens Full over Aces
216,TTTKK,FH,Tens Full over Kings
217,TTTQQ,FH,Tens Full over Queens
218,TTTJJ,FH,Tens Full over Jacks
219,TTT99,FH,Tens Full over Nines
220,TTT88,FH,Tens Full over Eights
221,TTT77,FH,Tens Full over Sevens
222,TTT66,FH,Tens Full over Sixes
223,TTT55,FH,Tens Full over Fives
224,TTT44,FH,Tens Full over Fours
225,TTT33,FH,Tens Full over Treys
226,TTT22,FH,Tens Full over Deuces
227,999AA,FH,Nines Full over Aces
228,999KK,FH,Nines Full over Kings
229,999QQ,FH,Nines Full over Queens
230,999JJ,FH,Nines Full over Jacks
231,999TT,FH,Nines Full over Tens
232,99988,FH,Nines Full over Eights
233,99977,FH,Nines Full over Sevens
234,99966,FH,Nines Full over Sixes
235,99955,FH,Nines Full over Fives
236,99944,FH,Nines Full over Fours
237,99933,FH,Nines Full over Treys
238,99922,FH,Nines Full over Deuces
239,888AA,FH,Eights Full over Aces
240,888KK,FH,Eights Full over Kings
241,888QQ,FH,Eights Full over Queens
242,888JJ,FH,Eights Full over Jacks
243,888TT,FH,Eights Full over Tens
244,88899,FH,Eights Full over Nines
245,88877,FH,Eights Full over Sevens
246,88866,FH,Eights Full over Sixes
247,88855,FH,Eights Full over Fives
248,88844,FH,Eights Full over Fours
249,88833,FH,Eights Full over Treys
250,88822,FH,Eights Full over Deuces
251,777AA,FH,Sevens Full over Aces
252,777KK,FH,Sevens Full over Kings
253,777QQ,FH,Sevens Full over Queens
254,777JJ,FH,Sevens Full over Jacks
255,777TT,FH,Sevens Full over Tens
256,77799,FH,Sevens Full over Nines
257,77788,FH,Sevens Full over Eights
258,77766,FH,Sevens Full over Sixes
259,77755,FH,Sevens Full over Fives
260,77744,FH,Sevens Full over Fours
261,77733,FH,Sevens Full over Treys
262,77722,FH,Sevens Full over Deuces
263,666AA,FH,Sixes Full over Aces
264,666KK,FH,Sixes Full over Kings
265,666QQ,FH,Sixes Full over Queens
266,666JJ,FH,Sixes Full over Jacks
267,666TT,FH,Sixes Full over Tens
268,66699,FH,Sixes Full over Nines
269,66688,FH,Sixes Full over Eights
270,66677,FH,Sixes Full over Sevens
271,66655,FH,Sixes Full over Fives
272,66644,FH,Sixes Full over Fours
273,66633,FH,Sixes Full over Treys
274,66622,FH,Sixes Full over Deuces
275,555AA,FH,Fives Full over Aces
276,555KK,FH,Fives Full over Kings
277,555QQ,FH,Fives Full over Queens
278,555JJ,FH,Fives Full over Jacks
279,555TT,FH,Fives Full over Tens
280,55599,FH,Fives Full over Nines
281,55588,FH,Fives Full over Eights
282,55577,FH,Fives Full over Sevens
283,55566,FH,Fives Full over Sixes
284,55544,FH,Fives Full over Fours
285,55533,FH,Fives Full over Treys
286,55522,FH,Fives Full over Deuces
287,444AA,FH,Fours Full over Aces
288,444KK,FH,Fours Full over Kings
289,444QQ,FH,Fours Full over Queens
290,444JJ,FH,Fours Full over Jacks
291,444TT,FH,Fours Full over Tens
292,44499,FH,Fours Full over Nines
293,44488,FH,Fours Full over Eights
294,44477,FH,Fours Full over Sevens
295,44466,FH,Fours Full over Sixes
296,44455,FH,Fours Full over Fives
297,44433,FH,Fours Full over Treys
298,44422,FH,Fours Full over Deuces
299,333AA,FH,Treys Full over Aces
300,333KK,FH,Treys Full over Kings
301,333QQ,FH,Treys Full over Queens
302,333JJ,FH,Treys Full over Jacks
303,333TT,FH,Treys Full over Tens
304,33399,FH,Treys Full over Nines
305,33388,FH,Treys Full over Eights
306,33377,FH,Treys Full over Sevens
307,33366,FH,Treys Full over Sixes
308,33355,FH,Treys Full over Fives
309,33344,FH,Treys Full over Fours
310,33322,FH,Treys Full over Deuces
311,222AA,FH,Deuces Full over Aces
312,222KK,FH,Deuces Full over Kings
313,222QQ,FH,Deuces Full over Queens
314,222JJ,FH,Deuces Full over Jacks
315,222TT,FH,Deuces Full over Tens
316,22299,FH,Deuces Full over Nines
317,22288,FH,Deuces Full over Eights
318,22277,FH,Deuces Full over Sevens
319,22266,FH,Deuces Full over Sixes
320,22255,FH,Deuces Full over Fives
321,22244,FH,Deuces Full over Fours
322,22233,FH,Deuces Full over Treys
323,AKQJ9,F,Ace-High Flush
324,AKQJ8,F,Ace-High Flush
325,AKQJ7,F,Ace-High Flush
326,AKQJ6,F,Ace-High Flush
327,AKQJ5,F,Ace-High Flush
328,AKQJ4,F,Ace-High Flush
329,AKQJ3,F,Ace-High Flush
330,AKQJ2,F,Ace-High Flush
331,AKQT9,F,Ace-High Flush
332,AKQT8,F,Ace-High Flush
333,AKQT7,F,Ace-High Flush
334,AKQT6,F,Ace-High Flush
335,AKQT5,F,Ace-High Flush
336,AKQT4,F,Ace-High Flush
337,AKQT3,F,Ace-High Flush
338,AKQT2,F,Ace-High Flush
339,AKQ98,F,Ace-High Flush
340,AKQ97,F,Ace-High Flush
341,AKQ96,F,Ace-High Flush
342,AKQ95,F,Ace-High Flush
343,AKQ94,F,Ace-High Flush
344,AKQ93,F,Ace-High Flush
345,AKQ92,F,Ace-High Flush
346,AKQ87,F,Ace-High Flush
347,AKQ86,F,Ace-High Flush
348,AKQ85,F,Ace-High Flush
349,AKQ84,F,Ace-High Flush
350,AKQ83,F,Ace-High Flush
351,AKQ82,F,Ace-High Flush
352,AKQ76,F,Ace-High Flush
353,AKQ75,F,Ace-High Flush
354,AKQ74,F,Ace-High Flush
355,AKQ73,F,Ace-High Flush
356,AKQ72,F,Ace-High Flush
357,AKQ65,F,Ace-High Flush
358,AKQ64,F,Ace-High Flush
359,AKQ63,F,Ace-High Flush
360,AKQ62,F,Ace-High Flush
361,AKQ54,F,Ace-High Flush
362,AKQ53,F,Ace-High Flush
363,AKQ52,F,Ace-High Flush
364,AKQ43,F,Ace-High Flush
365,AKQ42,F,Ace-High Flush
366,AKQ32,F,Ace-High Flush
367,AKJT9,F,Ace-High Flush
368,AKJT8,F,Ace-High Flush
369,AKJT7,F,Ace-High Flush
370,AKJT6,F,Ace-High Flush
371,AKJT5,F,Ace-High Flush
372,AKJT4,F,Ace-High Flush
373,AKJT3,F,Ace-High Flush
374,AKJT2,F,Ace-High Flush
375,AKJ98,F,Ace-High Flush
376,AKJ97,F,Ace-High Flush
377,AKJ96,F,Ace-High Flush
378,AKJ95,F,Ace-High Flush
379,AKJ94,F,Ace-High Flush
380,AKJ93,F,Ace-High Flush
381,AKJ92,F,Ace-High Flush
382,AKJ87,F,Ace-High Flush
383,AKJ86,F,Ace-High Flush
384,AKJ85,F,Ace-High Flush
385,AKJ84,F,Ace-High Flush
386,AKJ83,F,Ace-High Flush
387,AKJ82,F,Ace-High Flush
388,AKJ76,F,Ace-High Flush
389,AKJ75,F,Ace-High Flush
390,AKJ74,F,Ace-High Flush
391,AKJ73,F,Ace-High Flush
392,AKJ72,F,Ace-High Flush
393,AKJ65,F,Ace-High Flush
394,AKJ64,F,Ace-High Flush
395,AKJ63,F,Ace-High Flush
396,AKJ62,F,Ace-High Flush
397,AKJ54,F,Ace-High Flush
398,AKJ53,F,Ace-High Flush
399,AKJ52,F,Ace-High Flush
400,AKJ43,F,Ace-High Flush
401,AKJ42,F,Ace-High Flush
402,AKJ32,F,Ace-High Flush
403,AKT98,F,Ace-High Flush
404,AKT97,F,Ace-High Flush
405,AKT96,F,Ace-High Flush
406,AKT95,F,Ace-High Flush
407,AKT94,F,Ace-High Flush
408,AKT93,F,Ace-High Flush
409,AKT92,F,Ace-High Flush
410,AKT87,F,Ace-High Flush
411,AKT86,F,Ace-High Flush
412,AKT85,F,Ace-High Flush
413,AKT84,F,Ace-High Flush
414,AKT83,F,Ace-High Flush
415,AKT82,F,Ace-High Flush
416,AKT76,F,Ace-High Flush
417,AKT75,F,Ace-High Flush
418,AKT74,F,Ace-High Flush
419,AKT73,F,Ace-High Flush
420,AKT72,F,Ace-High Flush
421,AKT65,F,Ace-High Flush
422,AKT64,F,Ace-High Flush
423,AKT63,F,Ace-High Flush
424,AKT62,F,Ace-High Flush
425,AKT54,F,Ace-High Flush
426,AKT53,F,Ace-High Flush
427,AKT52,F,Ace-High Flush
428,AKT43,F,Ace-High Flush
429,AKT42,F,Ace-High Flush
430,AKT32,F,Ace-High Flush
431,AK987,F,Ace-High Flush
432,AK986,F,Ace-High Flush
433,AK985,F,Ace-High Flush
434,AK984,F,Ace-High Flush
435,AK983,F,Ace-High Flush
436,AK982,F,Ace-High Flush
437,AK976,F,Ace-High Flush
438,AK975,F,Ace-High Flush
439,AK974,F,Ace-High Flush
440,AK973,F,Ace-High Flush
441,AK972,F,Ace-High Flush
442,AK965,F,Ace-High Flush
443,AK964,F,Ace-High Flush
444,AK963,F,Ace-High Flush
445,AK962,F,Ace-High Flush
446,AK954,F,Ace-High Flush
447,AK953,F,Ace-High Flush
448,AK952,F,Ace-High Flush
449,AK943,F,Ace-High Flush
450,AK942,F,Ace-High Flush
451,AK932,F,Ace-High Flush
452,AK876,F,Ace-High Flush
453,AK875,F,Ace-High Flush
454,AK874,F,Ace-High Flush
455,AK873,F,Ace-High Flush
456,AK872,F,Ace-High Flush
457,AK865,F,Ace-High Flush
458,AK864,F,Ace-High Flush
459,AK863,F,Ace-High Flush
460,AK862,F,Ace-High Flush
461,AK854,F,Ace-High Flush
462,AK853,F,Ace-High Flush
463,AK852,F,Ace-High Flush
464,AK843,F,Ace-High Flush
465,AK842,F,Ace-High Flush
466,AK832,F,Ace-High Flush
467,AK765,F,Ace-High Flush
468,AK764,F,Ace-High Flush
469,AK763,F,Ace-High Flush
470,AK762,F,Ace-High Flush
471,AK754,F,Ace-High Flush
472,AK753,F,Ace-High Flush
473,AK752,F,Ace-High Flush
474,AK743,F,Ace-High Flush
475,AK742,F,Ace-High Flush
476,AK732,F,Ace-High Flush
477,AK654,F,Ace-High Flush
478,AK653,F,Ace-High Flush
479,AK652,F,Ace-High Flush
480,AK643,F,Ace-High Flush
481,AK642,F,Ace-High Flush
482,AK632,F,Ace-High Flush
483,AK543,F,Ace-High Flush
484,AK542,F,Ace-High Flush
485,AK532,F,Ace-High Flush
486,AK432,F,Ace-High Flush
487,AQJT9,F,Ace-High Flush
488,AQJT8,F,Ace-High Flush
489,AQJT7,F,Ace-High Flush
490,AQJT6,F,Ace-High Flush
491,AQJT5,F,Ace-High Flush
492,AQJT4,F,Ace-High Flush
493,AQJT3,F,Ace-High Flush
494,AQJT2,F,Ace-High Flush
495,AQJ98,F,Ace-High Flush
496,AQJ97,F,Ace-High Flush
497,AQJ96,F,Ace-High Flush
498,AQJ95,F,Ace-High Flush
499,AQJ94,F,Ace-High Flush
500,AQJ93,F,Ace-High Flush
501,AQJ92,F,Ace-High Flush
502,AQJ87,F,Ace-High Flush
503,AQJ86,F,Ace-High Flush
504,AQJ85,F,Ace-High Flush
505,AQJ84,F,Ace-High Flush
506,AQJ83,F,Ace-High Flush
507,AQJ82,F,Ace-High Flush
508,AQJ76,F,Ace-High Flush
509,AQJ75,F,Ace-High Flush
510,AQJ74,F,Ace-High Flush
511,AQJ73,F,Ace-High Flush
512,AQJ72,F,Ace-High Flush
513,AQJ65,F,Ace-High Flush
514,AQJ64,F,Ace-High Flush
515,AQJ63,F,Ace-High Flush
516,AQJ62,F,Ace-High Flush
517,AQJ54,F,Ace-High Flush
518,AQJ53,F,Ace-High Flush
519,AQJ52,F,Ace-High Flush
520,AQJ43,F,Ace-High Flush
521,AQJ42,F,Ace-High Flush
522,AQJ32,F,Ace-High Flush
523,AQT98,F,Ace-High Flush
524,AQT97,F,Ace-High Flush
525,AQT96,F,Ace-High Flush
526,AQT95,F,Ace-High Flush
527,AQT94,F,Ace-High Flush
528,AQT93,F,Ace-High Flush
529,AQT92,F,Ace-High Flush
530,AQT87,F,Ace-High Flush
531,AQT86,F,Ace-High Flush
532,AQT85,F,Ace-High Flush
533,AQT84,F,Ace-High Flush
534,AQT83,F,Ace-High Flush
535,AQT82,F,Ace-High Flush
536,AQT76,F,Ace-High Flush
537,AQT75,F,Ace-High Flush
538,AQT74,F,Ace-High Flush
539,AQT73,F,Ace-High Flush
540,AQT72,F,Ace-High Flush
541,AQT65,F,Ace-High Flush
542,AQT64,F,Ace-High Flush
543,AQT63,F,Ace-High Flush
544,AQT62,F,Ace-High Flush
545,AQT54,F,Ace-High Flush
546,AQT53,F,Ace-High Flush
547,AQT52,F,Ace-High Flush
548,AQT43,F,Ace-High Flush
549,AQT42,F,Ace-High Flush
550,AQT32,F,Ace-High Flush
551,AQ987,F,Ace-High Flush
552,AQ986,F,Ace-High Flush
553,AQ985,F,Ace-High Flush
554,AQ984,F,Ace-High Flush
555,AQ983,F,Ace-High Flush
556,AQ982,F,Ace-High Flush
557,AQ976,F,Ace-High Flush
558,AQ975,F,Ace-High Flush
559,AQ974,F,Ace-High Flush
560,AQ973,F,Ace-High Flush
561,AQ972,F,Ace-High Flush
562,AQ965,F,Ace-High Flush
563,AQ964,F,Ace-High Flush
564,AQ963,F,Ace-High Flush
565,AQ962,F,Ace-High Flush
566,AQ954,F,Ace-High Flush
567,AQ953,F,Ace-High Flush
568,AQ952,F,Ace-High Flush
569,AQ943,F,Ace-High Flush
570,AQ942,F,Ace-High Flush
571,AQ932,F,Ace-High Flush
572,AQ876,F,Ace-High Flush
573,AQ875,F,Ace-High Flush
574,AQ874,F,Ace-High Flush
575,AQ873,F,Ace-High Flush
576,AQ872,F,Ace-High Flush
577,AQ865,F,Ace-High Flush
578,AQ864,F,Ace-High Flush
579,AQ863,F,Ace-High Flush
580,AQ862,F,Ace-High Flush
581,AQ854,F,Ace-High Flush
582,AQ853,F,Ace-High Flush
583,AQ852,F,Ace-High Flush
584,AQ843,F,Ace-High Flush
585,AQ842,F,Ace-High Flush
586,AQ832,F,Ace-High Flush
587,AQ765,F,Ace-High Flush
588,AQ764,F,Ace-High Flush
589,AQ763,F,Ace-High Flush
590,AQ762,F,Ace-High Flush
591,AQ754,F,Ace-High Flush
592,AQ753,F,Ace-High Flush
593,AQ752,F,Ace-High Flush
594,AQ743,F,Ace-High Flush
595,AQ742,F,Ace-High Flush
596,AQ732,F,Ace-High Flush
597,AQ654,F,Ace-High Flush
598,AQ653,F,Ace-High Flush
599,AQ652,F,Ace-High Flush
600,AQ643,F,Ace-High Flush
601,AQ642,F,Ace-High Flush
602,AQ632,F,Ace-High Flush
603,AQ543,F,Ace-High Flush
604,AQ542,F,Ace-High Flush
605,AQ532,F,Ace-High Flush
606,AQ432,F,Ace-High Flush
607,AJT98,F,Ace-High Flush
608,AJT97,F,Ace-High Flush
609,AJT96,F,Ace-High Flush
610,AJT95,F,Ace-High Flush
611,AJT94,F,Ace-High Flush
612,AJT93,F,Ace-High Flush
613,AJT92,F,Ace-High Flush
614,AJT87,F,Ace-High Flush
615,AJT86,F,Ace-High Flush
616,AJT85,F,Ace-High Flush
617,AJT84,F,Ace-High Flush
618,AJT83,F,Ace-High Flush
619,AJT82,F,Ace-High Flush
620,AJT76,F,Ace-High Flush
621,AJT75,F,Ace-High Flush
622,AJT74,F,Ace-High Flush
623,AJT73,F,Ace-High Flush
624,AJT72,F,Ace-High Flush
625,AJT65,F,Ace-High Flush
626,AJT64,F,Ace-High Flush
627,AJT63,F,Ace-High Flush
628,AJT62,F,Ace-High Flush
629,AJT54,F,Ace-High Flush
630,AJT53,F,Ace-High Flush
631,AJT52,F,Ace-High Flush
632,AJT43,F,Ace-High Flush
633,AJT42,F,Ace-High Flush
634,AJT32,F,Ace-High Flush
635,AJ987,F,Ace-High Flush
636,AJ986,F,Ace-High Flush
637,AJ985,F,Ace-High Flush
638,AJ984,F,Ace-High Flush
639,AJ983,F,Ace-High Flush
640,AJ982,F,Ace-High Flush
641,AJ976,F,Ace-High Flush
642,AJ975,F,Ace-High Flush
643,AJ974,F,Ace-High Flush
644,AJ973,F,Ace-High Flush
645,AJ972,F,Ace-High Flush
646,AJ965,F,Ace-High Flush
647,AJ964,F,Ace-High Flush
648,AJ963,F,Ace-High Flush
649,AJ962,F,Ace-High Flush
650,AJ954,F,Ace-High Flush
651,AJ953,F,Ace-High Flush
652,AJ952,F,Ace-High Flush
653,AJ943,F,Ace-High Flush
654,AJ942,F,Ace-High Flush
655,AJ932,F,Ace-High Flush
656,AJ876,F,Ace-High Flush
657,AJ875,F,Ace-High Flush
658,AJ874,F,Ace-High Flush
659,AJ873,F,Ace-High Flush
660,AJ872,F,Ace-High Flush
661,AJ865,F,Ace-High Flush
662,AJ864,F,Ace-High Flush
663,AJ863,F,Ace-High Flush
664,AJ862,F,Ace-High Flush
665,AJ854,F,Ace-High Flush
666,AJ853,F,Ace-High Flush
667,AJ852,F,Ace-High Flush
668,AJ843,F,Ace-High Flush
669,AJ842,F,Ace-High Flush
670,AJ832,F,Ace-High Flush
671,AJ765,F,Ace-High Flush
672,AJ764,F,Ace-High Flush
673,AJ763,F,Ace-High Flush
674,AJ762,F,Ace-High Flush
675,AJ754,F,Ace-High Flush
676,AJ753,F,Ace-High Flush
677,AJ752,F,Ace-High Flush
678,AJ743,F,Ace-High Flush
679,AJ742,F,Ace-High Flush
680,AJ732,F,Ace-High Flush
681,AJ654,F,Ace-High Flush
682,AJ653,F,Ace-High Flush
683,AJ652,F,Ace-High Flush
684,AJ643,F,Ace-High Flush
685,AJ642,F,Ace-High Flush
686,AJ632,F,Ace-High Flush
687,AJ543,F,Ace-High Flush
688,AJ542,F,Ace-High Flush
689,AJ532,F,Ace-High Flush
690,AJ432,F,Ace-High Flush
691,AT987,F,Ace-High Flush
692,AT986,F,Ace-High Flush
693,AT985,F,Ace-High Flush
694,AT984,F,Ace-High Flush
695,AT983,F,Ace-High Flush
696,AT982,F,Ace-High Flush
697,AT976,F,Ace-High Flush
698,AT975,F,Ace-High Flush
699,AT974,F,Ace-High Flush
700,AT973,F,Ace-High Flush
701,AT972,F,Ace-High Flush
702,AT965,F,Ace-High Flush
703,AT964,F,Ace-High Flush
704,AT963,F,Ace-High Flush
705,AT962,F,Ace-High Flush
706,AT954,F,Ace-High Flush
707,AT953,F,Ace-High Flush
708,AT952,F,Ace-High Flush
709,AT943,F,Ace-High Flush
710,AT942,F,Ace-High Flush
711,AT932,F,Ace-High Flush
712,AT876,F,Ace-High Flush
713,AT875,F,Ace-High Flush
714,AT874,F,Ace-High Flush
715,AT873,F,Ace-High Flush
716,AT872,F,Ace-High Flush
717,AT865,F,Ace-High Flush
718,AT864,F,Ace-High Flush
719,AT863,F,Ace-High Flush
720,AT862,F,Ace-High Flush
721,AT854,F,Ace-High Flush
722,AT853,F,Ace-High Flush
723,AT852,F,Ace-High Flush
724,AT843,F,Ace-High Flush
725,AT842,F,Ace-High Flush
726,AT832,F,Ace-High Flush
727,AT765,F,Ace-High Flush
728,AT764,F,Ace-High Flush
729,AT763,F,Ace-High Flush
730,AT762,F,Ace-High Flush
731,AT754,F,Ace-High Flush
732,AT753,F,Ace-High Flush
733,AT752,F,Ace-High Flush
734,AT743,F,Ace-High Flush
735,AT742,F,Ace-High Flush
736,AT732,F,Ace-High Flush
737,AT654,F,Ace-High Flush
738,AT653,F,Ace-High Flush
739,AT652,F,Ace-High Flush
740,AT643,F,Ace-High Flush
741,AT642,F,Ace-High Flush
742,AT632,F,Ace-High Flush
743,AT543,F,Ace-High Flush
744,AT542,F,Ace-High Flush
745,AT532,F,Ace-High Flush
746,AT432,F,Ace-High Flush
747,A9876,F,Ace-High Flush
748,A9875,F,Ace-High Flush
749,A9874,F,Ace-High Flush
750,A9873,F,Ace-High Flush
751,A9872,F,Ace-High Flush
752,A9865,F,Ace-High Flush
753,A9864,F,Ace-High Flush
754,A9863,F,Ace-High Flush
755,A9862,F,Ace-High Flush
756,A9854,F,Ace-High Flush
757,A9853,F,Ace-High Flush
758,A9852,F,Ace-High Flush
759,A9843,F,Ace-High Flush
760,A9842,F,Ace-High Flush
761,A9832,F,Ace-High Flush
762,A9765,F,Ace-High Flush
763,A9764,F,Ace-High Flush
764,A9763,F,Ace-High Flush
765,A9762,F,Ace-High Flush
766,A9754,F,Ace-High Flush
767,A9753,F,Ace-High Flush
768,A9752,F,Ace-High Flush
769,A9743,F,Ace-High Flush
770,A9742,F,Ace-High Flush
771,A9732,F,Ace-High Flush
772,A9654,F,Ace-High Flush
773,A9653,F,Ace-High Flush
774,A9652,F,Ace-High Flush
775,A9643,F,Ace-High Flush
776,A9642,F,Ace-High Flush
777,A9632,F,Ace-High Flush
778,A9543,F,Ace-High Flush
779,A9542,F,Ace-High Flush
780,A9532,F,Ace-High Flush
781,A9432,F,Ace-High Flush
782,A8765,F,Ace-High Flush
783,A8764,F,Ace-High Flush
784,A8763,F,Ace-High Flush
785,A8762,F,Ace-High Flush
786,A8754,F,Ace-High Flush
787,A8753,F,Ace-High Flush
788,A8752,F,Ace-High Flush
789,A8743,F,Ace-High Flush
790,A8742,F,Ace-High Flush
791,A8732,F,Ace-High Flush
792,A8654,F,Ace-High Flush
793,A8653,F,Ace-High Flush
794,A8652,F,Ace-High Flush
795,A8643,F,Ace-High Flush
796,A8642,F,Ace-High Flush
797,A8632,F,Ace-High Flush
798,A8543,F,Ace-High Flush
799,A8542,F,Ace-High Flush
800,A8532,F,Ace-High Flush
801,A8432,F,Ace-High Flush
802,A7654,F,Ace-High Flush
803,A7653,F,Ace-High Flush
804,A7652,F,Ace-High Flush
805,A7643,F,Ace-High Flush
806,A7642,F,Ace-High Flush
807,A7632,F,Ace-High Flush
808,A7543,F,Ace-High Flush
809,A7542,F,Ace-High Flush
810,A7532,F,Ace-High Flush
811,A7432,F,Ace-High Flush
812,A6543,F,Ace-High Flush
813,A6542,F,Ace-High Flush
814,A6532,F,Ace-High Flush
815,A6432,F,Ace-High Flush
816,KQJT8,F,King-High Flush
817,KQJT7,F,King-High Flush
818,KQJT6,F,King-High Flush
819,KQJT5,F,King-High Flush
820,KQJT4,F,King-High Flush
821,KQJT3,F,King-High Flush
822,KQJT2,F,King-High Flush
823,KQJ98,F,King-High Flush
824,KQJ97,F,King-High Flush
825,KQJ96,F,King-High Flush
826,KQJ95,F,King-High Flush
827,KQJ94,F,King-High Flush
828,KQJ93,F,King-High Flush
829,KQJ92,F,King-High Flush
830,KQJ87,F,King-High Flush
831,KQJ86,F,King-High Flush
832,KQJ85,F,King-High Flush
833,KQJ84,F,King-High Flush
834,KQJ83,F,King-High Flush
835,KQJ82,F,King-High Flush
836,KQJ76,F,King-High Flush
837,KQJ75,F,King-High Flush
838,KQJ74,F,King-High Flush
839,KQJ73,F,King-High Flush
840,KQJ72,F,King-High Flush
841,KQJ65,F,King-High Flush
842,KQJ64,F,King-High Flush
843,KQJ63,F,King-High Flush
844,KQJ62,F,King-High Flush
845,KQJ54,F,King-High Flush
846,KQJ53,F,King-High Flush
847,KQJ52,F,King-High Flush
848,KQJ43,F,King-High Flush
849,KQJ42,F,King-High Flush
850,KQJ32,F,King-High Flush
851,KQT98,F,King-High Flush
852,KQT97,F,King-High Flush
853,KQT96,F,King-High Flush
854,KQT95,F,King-High Flush
855,KQT94,F,King-High Flush
856,KQT93,F,King-High Flush
857,KQT92,F,King-High Flush
858,KQT87,F,King-High Flush
859,KQT86,F,King-High Flush
860,KQT85,F,King-High Flush
861,KQT84,F,King-High Flush
862,KQT83,F,King-High Flush
863,KQT82,F,King-High Flush
864,KQT76,F,King-High Flush
865,KQT75,F,King-High Flush
866,KQT74,F,King-High Flush
867,KQT73,F,King-High Flush
868,KQT72,F,King-High Flush
869,KQT65,F,King-High Flush
870,KQT64,F,King-High Flush
871,KQT63,F,King-High Flush
872,KQT62,F,King-High Flush
873,KQT54,F,King-High Flush
874,KQT53,F,King-High Flush
875,KQT52,F,King-High Flush
876,KQT43,F,King-High Flush
877,KQT42,F,King-High Flush
878,KQT32,F,King-High Flush
879,KQ987,F,King-High Flush
880,KQ986,F,King-High Flush
881,KQ985,F,King-High Flush
882,KQ984,F,King-High Flush
883,KQ983,F,King-High Flush
884,KQ982,F,King-High Flush
885,KQ976,F,King-High Flush
886,KQ975,F,King-High Flush
887,KQ974,F,King-High Flush
888,KQ973,F,King-High Flush
889,KQ972,F,King-High Flush
890,KQ965,F,King-High Flush
891,KQ964,F,King-High Flush
892,KQ963,F,King-High Flush
893,KQ962,F,King-High Flush
894,KQ954,F,King-High Flush
895,KQ953,F,King-High Flush
896,KQ952,F,King-High Flush
897,KQ943,F,King-High Flush
898,KQ942,F,King-High Flush
899,KQ932,F,King-High Flush
900,KQ876,F,King-High Flush
901,KQ875,F,King-High Flush
902,KQ874,F,King-High Flush
903,KQ873,F,King-High Flush
904,KQ872,F,King-High Flush
905,KQ865,F,King-High Flush
906,KQ864,F,King-High Flush
907,KQ863,F,King-High Flush
908,KQ862,F,King-High Flush
909,KQ854,F,King-High Flush
910,KQ853,F,King-High Flush
911,KQ852,F,King-High Flush
912,KQ843,F,King-High Flush
913,KQ842,F,King-High Flush
914,KQ832,F,King-High Flush
915,KQ765,F,King-High Flush
916,KQ764,F,King-High Flush
917,KQ763,F,King-High Flush
918,KQ762,F,King-High Flush
919,KQ754,F,King-High Flush
920,KQ753,F,King-High Flush
921,KQ752,F,King-High Flush
922,KQ743,F,King-High Flush
923,KQ742,F,King-High Flush
924,KQ732,F,King-High Flush
925,KQ654,F,King-High Flush
926,KQ653,F,King-High Flush
927,KQ652,F,King-High Flush
928,KQ643,F,King-High Flush
929,KQ642,F,King-High Flush
930,KQ632,F,King-High Flush
931,KQ543,F,King-High Flush
932,KQ542,F,King-High Flush
933,KQ532,F,King-High Flush
934,KQ432,F,King-High Flush
935,KJT98,F,King-High Flush
936,KJT97,F,King-High Flush
937,KJT96,F,King-High Flush
938,KJT95,F,King-High Flush
939,KJT94,F,King-High Flush
940,KJT93,F,King-High Flush
941,KJT92,F,King-High Flush
942,KJT87,F,King-High Flush
943,KJT86,F,King-High Flush
944,KJT85,F,King-High Flush
945,KJT84,F,King-High Flush
946,KJT83,F,King-High Flush
947,KJT82,F,King-High Flush
948,KJT76,F,King-High Flush
949,KJT75,F,King-High Flush
950,KJT74,F,King-High Flush
951,KJT73,F,King-High Flush
952,KJT72,F,King-High Flush
953,KJT65,F,King-High Flush
954,KJT64,F,King-High Flush
955,KJT63,F,King-High Flush
956,KJT62,F,King-High Flush
957,KJT54,F,King-High Flush
958,KJT53,F,King-High Flush
959,KJT52,F,King-High Flush
960,KJT43,F,King-High Flush
961,KJT42,F,King-High Flush
962,KJT32,F,King-High Flush
963,KJ987,F,King-High Flush
964,KJ986,F,King-High Flush
965,KJ985,F,King-High Flush
966,KJ984,F,King-High Flush
967,KJ983,F,King-High Flush
968,KJ982,F,King-High Flush
969,KJ976,F,King-High Flush
970,KJ975,F,King-High Flush
971,KJ974,F,King-High Flush
972,KJ973,F,King-High Flush
973,KJ972,F,King-High Flush
974,KJ965,F,King-High Flush
975,KJ964,F,King-High Flush
976,KJ963,F,King-High Flush
977,KJ962,F,King-High Flush
978,KJ954,F,King-High Flush
979,KJ953,F,King-High Flush
980,KJ952,F,King-High Flush
981,KJ943,F,King-High Flush
982,KJ942,F,King-High Flush
983,KJ932,F,King-High Flush
984,KJ876,F,King-High Flush
985,KJ875,F,King-High Flush
986,KJ874,F,King-High Flush
987,KJ873,F,King-High Flush
988,KJ872,F,King-High Flush
989,KJ865,F,King-High Flush
990,KJ864,F,King-High Flush
991,KJ863,F,King-High Flush
992,KJ862,F,King-High Flush
993,KJ854,F,King-High Flush
994,KJ853,F,King-High Flush
995,KJ852,F,King-High Flush
996,KJ843,F,King-High Flush
997,KJ842,F,King-High Flush
998,KJ832,F,King-High Flush
999,KJ765,F,King-High Flush
1000,KJ764,F,King-High Flush
1001,KJ763,F,King-High Flush
1002,KJ762,F,King-High Flush
1003,KJ754,F,King-High Flush
1004,KJ753,F,King-High Flush
1005,KJ752,F,King-High Flush
1006,KJ743,F,King-High Flush
1007,KJ742,F,King-High Flush
1008,KJ732,F,King-High Flush
1009,KJ654,F,King-High Flush
1010,KJ653,F,King-High Flush
1011,KJ652,F,King-High Flush
1012,KJ643,F,King-High Flush
1013,KJ642,F,King-High Flush
1014,KJ632,F,King-High Flush
1015,KJ543,F,King-High Flush
1016,KJ542,F,King-High Flush
1017,KJ532,F,King-High Flush
1018,KJ432,F,King-High Flush
1019,KT987,F,King-High Flush
1020,KT986,F,King-High Flush
1021,KT985,F,King-High Flush
1022,KT984,F,King-High Flush
1023,KT983,F,King-High Flush
1024,KT982,F,King-High Flush
1025,KT976,F,King-High Flush
1026,KT975,F,King-High Flush
1027,KT974,F,King-High Flush
1028,KT973,F,King-High Flush
1029,KT972,F,King-High Flush
1030,KT965,F,King-High Flush
1031,KT964,F,King-High Flush
1032,KT963,F,King-High Flush
1033,KT962,F,King-High Flush
1034,KT954,F,King-High Flush
1035,KT953,F,King-High Flush
1036,KT952,F,King-High Flush
1037,KT943,F,King-High Flush
1038,KT942,F,King-High Flush
1039,KT932,F,King-High Flush
1040,KT876,F,King-High Flush
1041,KT875,F,King-High Flush
1042,KT874,F,King-High Flush
1043,KT873,F,King-High Flush
1044,KT872,F,King-High Flush
1045,KT865,F,King-High Flush
1046,KT864,F,King-High Flush
1047,KT863,F,King-High Flush
1048,KT862,F,King-High Flush
1049,KT854,F,King-High Flush
1050,KT853,F,King-High Flush
1051,KT852,F,King-High Flush
1052,KT843,F,King-High Flush
1053,KT842,F,King-High Flush
1054,KT832,F,King-High Flush
1055,KT765,F,King-High Flush
1056,KT764,F,King-High Flush
1057,KT763,F,King-High Flush
1058,KT762,F,King-High Flush
1059,KT754,F,King-High Flush
1060,KT753,F,King-High Flush
1061,KT752,F,King-High Flush
1062,KT743,F,King-High Flush
1063,KT742,F,King-High Flush
1064,KT732,F,King-High Flush
1065,KT654,F,King-High Flush
1066,KT653,F,King-High Flush
1067,KT652,F,King-High Flush
1068,KT643,F,King-High Flush
1069,KT642,F,King-High Flush
1070,KT632,F,King-High Flush
1071,KT543,F,King-High Flush
1072,KT542,F,King-High Flush
1073,KT532,F,King-High Flush
1074,KT432,F,King-High Flush
1075,K9876,F,King-High Flush
1076,K9875,F,King-High Flush
1077,K9874,F,King-High Flush
1078,K9873,F,King-High Flush
1079,K9872,F,King-High Flush
1080,K9865,F,King-High Flush
1081,K9864,F,King-High Flush
1082,K9863,F,King-High Flush
1083,K9862,F,King-High Flush
1084,K9854,F,King-High Flush
1085,K9853,F,King-High Flush
1086,K9852,F,King-High Flush
1087,K9843,F,King-High Flush
1088,K9842,F,King-High Flush
1089,K9832,F,King-High Flush
1090,K9765,F,King-High Flush
1091,K9764,F,King-High Flush
1092,K9763,F,King-High Flush
1093,K9762,F,King-High Flush
1094,K9754,F,King-High Flush
1095,K9753,F,King-High Flush
1096,K9752,F,King-High Flush
1097,K9743,F,King-High Flush
1098,K9742,F,King-High Flush
1099,K9732,F,King-High Flush
1100,K9654,F,King-High Flush
1101,K9653,F,King-High Flush
1102,K9652,F,King-High Flush
1103,K9643,F,King-High Flush
1104,K9642,F,King-High Flush
1105,K9632,F,King-High Flush
1106,K9543,F,King-High Flush
1107,K9542,F,King-High Flush
1108,K9532,F,King-High Flush
1109,K9432,F,King-High Flush
1110,K8765,F,King-High Flush
1111,K8764,F,King-High Flush
1112,K8763,F,King-High Flush
1113,K8762,F,King-High Flush
1114,K8754,F,King-High Flush
1115,K8753,F,King-High Flush
1116,K8752,F,King-High Flush
1117,K8743,F,King-High Flush
1118,K8742,F,King-High Flush
1119,K8732,F,King-High Flush
1120,K8654,F,King-High Flush
1121,K8653,F,King-High Flush
1122,K8652,F,King-High Flush
1123,K8643,F,King-High Flush
1124,K8642,F,King-High Flush
1125,K8632,F,King-High Flush
1126,K8543,F,King-High Flush
1127,K8542,F,King-High Flush
1128,K8532,F,King-High Flush
1129,K8432,F,King-High Flush
1130,K7654,F,King-High Flush
1131,K7653,F,King-High Flush
1132,K7652,F,King-High Flush
1133,K7643,F,King-High Flush
1134,K7642,F,King-High Flush
1135,K7632,F,King-High Flush
1136,K7543,F,King-High Flush
1137,K7542,F,King-High Flush
1138,K7532,F,King-High Flush
1139,K7432,F,King-High Flush
1140,K6543,F,King-High Flush
1141,K6542,F,King-High Flush
1142,K6532,F,King-High Flush
1143,K6432,F,King-High Flush
1144,K5432,F,King-High Flush
1145,QJT97,F,Queen-High Flush
1146,QJT96,F,Queen-High Flush
1147,QJT95,F,Queen-High Flush
1148,QJT94,F,Queen-High Flush
1149,QJT93,F,Queen-High Flush
1150,QJT92,F,Queen-High Flush
1151,QJT87,F,Queen-High Flush
1152,QJT86,F,Queen-High Flush
1153,QJT85,F,Queen-High Flush
1154,QJT84,F,Queen-High Flush
1155,QJT83,F,Queen-High Flush
1156,QJT82,F,Queen-High Flush
1157,QJT76,F,Queen-High Flush
1158,QJT75,F,Queen-High Flush
1159,QJT74,F,Queen-High Flush
1160,QJT73,F,Queen-High Flush
1161,QJT72,F,Queen-High Flush
1162,QJT65,F,Queen-High Flush
1163,QJT64,F,Queen-High Flush
1164,QJT63,F,Queen-High Flush
1165,QJT62,F,Queen-High Flush
1166,QJT54,F,Queen-High Flush
1167,QJT53,F,Queen-High Flush
1168,QJT52,F,Queen-High Flush
1169,QJT43,F,Queen-High Flush
1170,QJT42,F,Queen-High Flush
1171,QJT32,F,Queen-High Flush
1172,QJ987,F,Queen-High Flush
1173,QJ986,F,Queen-High Flush
1174,QJ985,F,Queen-High Flush
1175,QJ984,F,Queen-High Flush
1176,QJ983,F,Queen-High Flush
1177,QJ982,F,Queen-High Flush
1178,QJ976,F,Queen-High Flush
1179,QJ975,F,Queen-High Flush
1180,QJ974,F,Queen-High Flush
1181,QJ973,F,Queen-High Flush
1182,QJ972,F,Queen-High Flush
1183,QJ965,F,Queen-High Flush
1184,QJ964,F,Queen-High Flush
1185,QJ963,F,Queen-High Flush
1186,QJ962,F,Queen-High Flush
1187,QJ954,F,Queen-High Flush
1188,QJ953,F,Queen-High Flush
1189,QJ952,F,Queen-High Flush
1190,QJ943,F,Queen-High Flush
1191,QJ942,F,Queen-High Flush
1192,QJ932,F,Queen-High Flush
1193,QJ876,F,Queen-High Flush
1194,QJ875,F,Queen-High Flush
1195,QJ874,F,Queen-High Flush
1196,QJ873,F,Queen-High Flush
1197,QJ872,F,Queen-High Flush
1198,QJ865,F,Queen-High Flush
1199,QJ864,F,Queen-High Flush
1200,QJ863,F,Queen-High Flush
1201,QJ862,F,Queen-High Flush
1202,QJ854,F,Queen-High Flush
1203,QJ853,F,Queen-High Flush
1204,QJ852,F,Queen-High Flush
1205,QJ843,F,Queen-High Flush
1206,QJ842,F,Queen-High Flush
1207,QJ832,F,Queen-High Flush
1208,QJ765,F,Queen-High Flush
1209,QJ764,F,Queen-High Flush
1210,QJ763,F,Queen-High Flush
1211,QJ762,F,Queen-High Flush
1212,QJ754,F,Queen-High Flush
1213,QJ753,F,Queen-High Flush
1214,QJ752,F,Queen-High Flush
1215,QJ743,F,Queen-High Flush
1216,QJ742,F,Queen-High Flush
1217,QJ732,F,Queen-High Flush
1218,QJ654,F,Queen-High Flush
1219,QJ653,F,Queen-High Flush
1220,QJ652,F,Queen-High Flush
1221,QJ643,F,Queen-High Flush
1222,QJ642,F,Queen-High Flush
1223,QJ632,F,Queen-High Flush
1224,QJ543,F,Queen-High Flush
1225,QJ542,F,Queen-High Flush
1226,QJ532,F,Queen-High Flush
1227,QJ432,F,Queen-High Flush
1228,QT987,F,Queen-High Flush
1229,QT986,F,Queen-High Flush
1230,QT985,F,Queen-High Flush
1231,QT984,F,Queen-High Flush
1232,QT983,F,Queen-High Flush
1233,QT982,F,Queen-High Flush
1234,QT976,F,Queen-High Flush
1235,QT975,F,Queen-High Flush
1236,QT974,F,Queen-High Flush
1237,QT973,F,Queen-High Flush
1238,QT972,F,Queen-High Flush
1239,QT965,F,Queen-High Flush
1240,QT964,F,Queen-High Flush
1241,QT963,F,Queen-High Flush
1242,QT962,F,Queen-High Flush
1243,QT954,F,Queen-High Flush
1244,QT953,F,Queen-High Flush
1245,QT952,F,Queen-High Flush
1246,QT943,F,Queen-High Flush
1247,QT942,F,Queen-High Flush
1248,QT932,F,Queen-High Flush
1249,QT876,F,Queen-High Flush
1250,QT875,F,Queen-High Flush
1251,QT874,F,Queen-High Flush
1252,QT873,F,Queen-High Flush
1253,QT872,F,Queen-High Flush
1254,QT865,F,Queen-High Flush
1255,QT864,F,Queen-High Flush
1256,QT863,F,Queen-High Flush
1257,QT862,F,Queen-High Flush
1258,QT854,F,Queen-High Flush
1259,QT853,F,Queen-High Flush
1260,QT852,F,Queen-High Flush
1261,QT843,F,Queen-High Flush
1262,QT842,F,Queen-High Flush
1263,QT832,F,Queen-High Flush
1264,QT765,F,Queen-High Flush
1265,QT764,F,Queen-High Flush
1266,QT763,F,Queen-High Flush
1267,QT762,F,Queen-High Flush
1268,QT754,F,Queen-High Flush
1269,QT753,F,Queen-High Flush
1270,QT752,F,Queen-High Flush
1271,QT743,F,Queen-High Flush
1272,QT742,F,Queen-High Flush
1273,QT732,F,Queen-High Flush
1274,QT654,F,Queen-High Flush
1275,QT653,F,Queen-High Flush
1276,QT652,F,Queen-High Flush
1277,QT643,F,Queen-High Flush
1278,QT642,F,Queen-High Flush
1279,QT632,F,Queen-High Flush
1280,QT543,F,Queen-High Flush
1281,QT542,F,Queen-High Flush
1282,QT532,F,Queen-High Flush
1283,QT432,F,Queen-High Flush
1284,Q9876,F,Queen-High Flush
1285,Q9875,F,Queen-High Flush
1286,Q9874,F,Queen-High Flush
1287,Q9873,F,Queen-High Flush
1288,Q9872,F,Queen-High Flush
1289,Q9865,F,Queen-High Flush
1290,Q9864,F,Queen-High Flush
1291,Q9863,F,Queen-High Flush
1292,Q9862,F,Queen-High Flush
1293,Q9854,F,Queen-High Flush
1294,Q9853,F,Queen-High Flush
1295,Q9852,F,Queen-High Flush
1296,Q9843,F,Queen-High Flush
1297,Q9842,F,Queen-High Flush
1298,Q9832,F,Queen-High Flush
1299,Q9765,F,Queen-High Flush
1300,Q9764,F,Queen-High Flush
1301,Q9763,F,Queen-High Flush
1302,Q9762,F,Queen-High Flush
1303,Q9754,F,Queen-High Flush
1304,Q9753,F,Queen-High Flush
1305,Q9752,F,Queen-High Flush
1306,Q9743,F,Queen-High Flush
1307,Q9742,F,Queen-High Flush
1308,Q9732,F,Queen-High Flush
1309,Q9654,F,Queen-High Flush
1310,Q9653,F,Queen-High Flush
1311,Q9652,F,Queen-High Flush
1312,Q9643,F,Queen-High Flush
1313,Q9642,F,Queen-High Flush
1314,Q9632,F,Queen-High Flush
1315,Q9543,F,Queen-High Flush
1316,Q9542,F,Queen-High Flush
1317,Q9532,F,Queen-High Flush
1318,Q9432,F,Queen-High Flush
1319,Q8765,F,Queen-High Flush
1320,Q8764,F,Queen-High Flush
1321,Q8763,F,Queen-High Flush
1322,Q8762,F,Queen-High Flush
1323,Q8754,F,Queen-High Flush
1324,Q8753,F,Queen-High Flush
1325,Q8752,F,Queen-High Flush
1326,Q8743,F,Queen-High Flush
1327,Q8742,F,Queen-High Flush
1328,Q8732,F,Queen-High Flush
1329,Q8654,F,Queen-High Flush
1330,Q8653,F,Queen-High Flush
1331,Q8652,F,Queen-High Flush
1332,Q8643,F,Queen-High Flush
1333,Q8642,F,Queen-High Flush
1334,Q8632,F,Queen-High Flush
1335,Q8543,F,Queen-High Flush
1336,Q8542,F,Queen-High Flush
1337,Q8532,F,Queen-High Flush
1338,Q8432,F,Queen-High Flush
1339,Q7654,F,Queen-High Flush
1340,Q7653,F,Queen-High Flush
1341,Q7652,F,Queen-High Flush
1342,Q7643,F,Queen-High Flush
1343,Q7642,F,Queen-High Flush
1344,Q7632,F,Queen-High Flush
1345,Q7543,F,Queen-High Flush
1346,Q7542,F,Queen-High Flush
1347,Q7532,F,Queen-High Flush
1348,Q7432,F,Queen-High Flush
1349,Q6543,F,Queen-High Flush
1350,Q6542,F,Queen-High Flush
1351,Q6532,F,Queen-High Flush
1352,Q6432,F,Queen-High Flush
1353,Q5432,F,Queen-High Flush
1354,JT986,F,Jack-High Flush
1355,JT985,F,Jack-High Flush
1356,JT984,F,Jack-High Flush
1357,JT983,F,Jack-High Flush
1358,JT982,F,Jack-High Flush
1359,JT976,F,Jack-High Flush
1360,JT975,F,Jack-High Flush
1361,JT974,F,Jack-High Flush
1362,JT973,F,Jack-High Flush
1363,JT972,F,Jack-High Flush
1364,JT965,F,Jack-High Flush
1365,JT964,F,Jack-High Flush
1366,JT963,F,Jack-High Flush
1367,JT962,F,Jack-High Flush
1368,JT954,F,Jack-High Flush
1369,JT953,F,Jack-High Flush
1370,JT952,F,Jack-High Flush
1371,JT943,F,Jack-High Flush
1372,JT942,F,Jack-High Flush
1373,JT932,F,Jack-High Flush
1374,JT876,F,Jack-High Flush
1375,JT875,F,Jack-High Flush
1376,JT874,F,Jack-High Flush
1377,JT873,F,Jack-High Flush
1378,JT872,F,Jack-High Flush
1379,JT865,F,Jack-High Flush
1380,JT864,F,Jack-High Flush
1381,JT863,F,Jack-High Flush
1382,JT862,F,Jack-High Flush
1383,JT854,F,Jack-High Flush
1384,JT853,F,Jack-High Flush
1385,JT852,F,Jack-High Flush
1386,JT843,F,Jack-High Flush
1387,JT842,F,Jack-High Flush
1388,JT832,F,Jack-High Flush
1389,JT765,F,Jack-High Flush
1390,JT764,F,Jack-High Flush
1391,JT763,F,Jack-High Flush
1392,JT762,F,Jack-High Flush
1393,JT754,F,Jack-High Flush
1394,JT753,F,Jack-High Flush
1395,JT752,F,Jack-High Flush
1396,JT743,F,Jack-High Flush
1397,JT742,F,Jack-High Flush
1398,JT732,F,Jack-High Flush
1399,JT654,F,Jack-High Flush
1400,JT653,F,Jack-High Flush
1401,JT652,F,Jack-High Flush
1402,JT643,F,Jack-High Flush
1403,JT642,F,Jack-High Flush
1404,JT632,F,Jack-High Flush
1405,JT543,F,Jack-High Flush
1406,JT542,F,Jack-High Flush
1407,JT532,F,Jack-High Flush
1408,JT432,F,Jack-High Flush
1409,J9876,F,Jack-High Flush
1410,J9875,F,Jack-High Flush
1411,J9874,F,Jack-High Flush
1412,J9873,F,Jack-High Flush
1413,J9872,F,Jack-High Flush
1414,J9865,F,Jack-High Flush
1415,J9864,F,Jack-High Flush
1416,J9863,F,Jack-High Flush
1417,J9862,F,Jack-High Flush
1418,J9854,F,Jack-High Flush
1419,J9853,F,Jack-High Flush
1420,J9852,F,Jack-High Flush
1421,J9843,F,Jack-High Flush
1422,J9842,F,Jack-High Flush
1423,J9832,F,Jack-High Flush
1424,J9765,F,Jack-High Flush
1425,J9764,F,Jack-High Flush
1426,J9763,F,Jack-High Flush
1427,J9762,F,Jack-High Flush
1428,J9754,F,Jack-High Flush
1429,J9753,F,Jack-High Flush
1430,J9752,F,Jack-High Flush
1431,J9743,F,Jack-High Flush
1432,J9742,F,Jack-High Flush
1433,J9732,F,Jack-High Flush
1434,J9654,F,Jack-High Flush
1435,J9653,F,Jack-High Flush
1436,J9652,F,Jack-High Flush
1437,J9643,F,Jack-High Flush
1438,J9642,F,Jack-High Flush
1439,J9632,F,Jack-High Flush
1440,J9543,F,Jack-High Flush
1441,J9542,F,Jack-High Flush
1442,J9532,F,Jack-High Flush
1443,J9432,F,Jack-High Flush
1444,J8765,F,Jack-High Flush
1445,J8764,F,Jack-High Flush
1446,J8763,F,Jack-High Flush
1447,J8762,F,Jack-High Flush
1448,J8754,F,Jack-High Flush
1449,J8753,F,Jack-High Flush
1450,J8752,F,Jack-High Flush
1451,J8743,F,Jack-High Flush
1452,J8742,F,Jack-High Flush
1453,J8732,F,Jack-High Flush
1454,J8654,F,Jack-High Flush
1455,J8653,F,Jack-High Flush
1456,J8652,F,Jack-High Flush
1457,J8643,F,Jack-High Flush
1458,J8642,F,Jack-High Flush
1459,J8632,F,Jack-High Flush
1460,J8543,F,Jack-High Flush
1461,J8542,F,Jack-High Flush
1462,J8532,F,Jack-High Flush
1463,J8432,F,Jack-High Flush
1464,J7654,F,Jack-High Flush
1465,J7653,F,Jack-High Flush
1466,J7652,F,Jack-High Flush
1467,J7643,F,Jack-High Flush
1468,J7642,F,Jack-High Flush
1469,J7632,F,Jack-High Flush
1470,J7543,F,Jack-High Flush
1471,J7542,F,Jack-High Flush
1472,J7532,F,Jack-High Flush
1473,J7432,F,Jack-High Flush
1474,J6543,F,Jack-High Flush
1475,J6542,F,Jack-High Flush
1476,J6532,F,Jack-High Flush
1477,J6432,F,Jack-High Flush
1478,J5432,F,Jack-High Flush
1479,T9875,F,Ten-High Flush
1480,T9874,F,Ten-High Flush
1481,T9873,F,Ten-High Flush
1482,T9872,F,Ten-High Flush
1483,T9865,F,Ten-High Flush
1484,T9864,F,Ten-High Flush
1485,T9863,F,Ten-High Flush
1486,T9862,F,Ten-High Flush
1487,T9854,F,Ten-High Flush
1488,T9853,F,Ten-High Flush
1489,T9852,F,Ten-High Flush
1490,T9843,F,Ten-High Flush
1491,T9842,F,Ten-High Flush
1492,T9832,F,Ten-High Flush
1493,T9765,F,Ten-High Flush
1494,T9764,F,Ten-High Flush
1495,T9763,F,Ten-High Flush
1496,T9762,F,Ten-High Flush
1497,T9754,F,Ten-High Flush
1498,T9753,F,Ten-High Flush
1499,T9752,F,Ten-High Flush
1500,T9743,F,Ten-High Flush
1501,T9742,F,Ten-High Flush
1502,T9732,F,Ten-High Flush
1503,T9654,F,Ten-High Flush
1504,T9653,F,Ten-High Flush
1505,T9652,F,Ten-High Flush
1506,T9643,F,Ten-High Flush
1507,T9642,F,Ten-High Flush
1508,T9632,F,Ten-High Flush
1509,T9543,F,Ten-High Flush
1510,T9542,F,Ten-High Flush
1511,T9532,F,Ten-High Flush
1512,T9432,F,Ten-High Flush
1513,T8765,F,Ten-High Flush
1514,T8764,F,Ten-High Flush
1515,T8763,F,Ten-High Flush
1516,T8762,F,Ten-High Flush
1517,T8754,F,Ten-High Flush
1518,T8753,F,Ten-High Flush
1519,T8752,F,Ten-High Flush
1520,T8743,F,Ten-High Flush
1521,T8742,F,Ten-High Flush
1522,T8732,F,Ten-High Flush
1523,T8654,F,Ten-High Flush
1524,T8653,F,Ten-High Flush
1525,T8652,F,Ten-High Flush
1526,T8643,F,Ten-High Flush
1527,T8642,F,Ten-High Flush
1528,T8632,F,Ten-High Flush
1529,T8543,F,Ten-High Flush
1530,T8542,F,Ten-High Flush
1531,T8532,F,Ten-High Flush
1532,T8432,F,Ten-High Flush
1533,T7654,F,Ten-High Flush
1534,T7653,F,Ten-High Flush
1535,T7652,F,Ten-High Flush
1536,T7643,F,Ten-High Flush
1537,T7642,F,Ten-High Flush
1538,T7632,F,Ten-High Flush
1539,T7543,F,Ten-High Flush
1540,T7542,F,Ten-High Flush
1541,T7532,F,Ten-High Flush
1542,T7432,F,Ten-High Flush
1543,T6543,F,Ten-High Flush
1544,T6542,F,Ten-High Flush
1545,T6532,F,Ten-High Flush
1546,T6432,F,Ten-High Flush
1547,T5432,F,Ten-High Flush
1548,98764,F,Nine-High Flush
1549,98763,F,Nine-High Flush
1550,98762,F,Nine-High Flush
1551,98754,F,Nine-High Flush
1552,98753,F,Nine-High Flush
1553,98752,F,Nine-High Flush
1554,98743,F,Nine-High Flush
1555,98742,F,Nine-High Flush
1556,98732,F,Nine-High Flush
1557,98654,F,Nine-High Flush
1558,98653,F,Nine-High Flush
1559,98652,F,Nine-High Flush
1560,98643,F,Nine-High Flush
1561,98642,F,Nine-High Flush
1562,98632,F,Nine-High Flush
1563,98543,F,Nine-High Flush
1564,98542,F,Nine-High Flush
1565,98532,F,Nine-High Flush
1566,98432,F,Nine-High Flush
1567,97654,F,Nine-High Flush
1568,97653,F,Nine-High Flush
1569,97652,F,Nine-High Flush
1570,97643,F,Nine-High Flush
1571,97642,F,Nine-High Flush
1572,97632,F,Nine-High Flush
1573,97543,F,Nine-High Flush
1574,97542,F,Nine-High Flush
1575,97532,F,Nine-High Flush
1576,97432,F,Nine-High Flush
1577,96543,F,Nine-High Flush
1578,96542,F,Nine-High Flush
1579,96532,F,Nine-High Flush
1580,96432,F,Nine-High Flush
1581,95432,F,Nine-High Flush
1582,87653,F,Eight-High Flush
1583,87652,F,Eight-High Flush
1584,87643,F,Eight-High Flush
1585,87642,F,Eight-High Flush
1586,87632,F,Eight-High Flush
1587,87543,F,Eight-High Flush
1588,87542,F,Eight-High Flush
1589,87532,F,Eight-High Flush
1590,87432,F,Eight-High Flush
1591,86543,F,Eight-High Flush
1592,86542,F,Eight-High Flush
1593,86532,F,Eight-High Flush
1594,86432,F,Eight-High Flush
1595,85432,F,Eight-High Flush
1596,76542,F,Seven-High Flush
1597,76532,F,Seven-High Flush
1598,76432,F,Seven-High Flush
1599,75432,F,Seven-High Flush
1600,AKQJT,S,Ace-High Straight
1601,KQJT9,S,King-High Straight
1602,QJT98,S,Queen-High Straight
1603,JT987,S,Jack-High Straight
1604,T9876,S,Ten-High Straight
1605,98765,S,Nine-High Straight
1606,87654,S,Eight-High Straight
1607,76543,S,Seven-High Straight
1608,65432,S,Six-High Straight
1609,5432A,S,Five-High Straight
1610,AAAKQ,3K,Three Aces
1611,AAAKJ,3K,Three Aces
1612,AAAKT,3K,Three Aces
1613,AAAK9,3K,Three Aces
1614,AAAK8,3K,Three Aces
1615,AAAK7,3K,Three Aces
1616,AAAK6,3K,Three Aces
1617,AAAK5,3K,Three Aces
1618,AAAK4,3K,Three Aces
1619,AAAK3,3K,Three Aces
1620,AAAK2,3K,Three Aces
1621,AAAQJ,3K,Three Aces
1622,AAAQT,3K,Three Aces
1623,AAAQ9,3K,Three Aces
1624,AAAQ8,3K,Three Aces
1625,AAAQ7,3K,Three Aces
1626,AAAQ6,3K,Three Aces
1627,AAAQ5,3K,Three Aces
1628,AAAQ4,3K,Three Aces
1629,AAAQ3,3K,Three Aces
1630,AAAQ2,3K,Three Aces
1631,AAAJT,3K,Three Aces
1632,AAAJ9,3K,Three Aces
1633,AAAJ8,3K,Three Aces
1634,AAAJ7,3K,Three Aces
1635,AAAJ6,3K,Three Aces
1636,AAAJ5,3K,Three Aces
1637,AAAJ4,3K,Three Aces
1638,AAAJ3,3K,Three Aces
1639,AAAJ2,3K,Three Aces
1640,AAAT9,3K,Three Aces
1641,AAAT8,3K,Three Aces
1642,AAAT7,3K,Three Aces
1643,AAAT6,3K,Three Aces
1644,AAAT5,3K,Three Aces
1645,AAAT4,3K,Three Aces
1646,AAAT3,3K,Three Aces
1647,AAAT2,3K,Three Aces
1648,AAA98,3K,Three Aces
1649,AAA97,3K,Three Aces
1650,AAA96,3K,Three Aces
1651,AAA95,3K,Three Aces
1652,AAA94,3K,Three Aces
1653,AAA93,3K,Three Aces
1654,AAA92,3K,Three Aces
1655,AAA87,3K,Three Aces
1656,AAA86,3K,Three Aces
1657,AAA85,3K,Three Aces
1658,AAA84,3K,Three Aces
1659,AAA83,3K,Three Aces
1660,AAA82,3K,Three Aces
1661,AAA76,3K,Three Aces
1662,AAA75,3K,Three Aces
1663,AAA74,3K,Three Aces
1664,AAA73,3K,Three Aces
1665,AAA72,3K,Three Aces
1666,AAA65,3K,Three Aces
1667,AAA64,3K,Three Aces
1668,AAA63,3K,Three Aces
1669,AAA62,3K,Three Aces
1670,AAA54,3K,Three Aces
1671,AAA53,3K,Three Aces
1672,AAA52,3K,Three Aces
1673,AAA43,3K,Three Aces
1674,AAA42,3K,Three Aces
1675,AAA32,3K,Three Aces
1676,KKKAQ,3K,Three Kings
1677,KKKAJ,3K,Three Kings
1678,KKKAT,3K,Three Kings
1679,KKKA9,3K,Three Kings
1680,KKKA8,3K,Three Kings
1681,KKKA7,3K,Three Kings
1682,KKKA6,3K,Three Kings
1683,KKKA5,3K,Three Kings
1684,KKKA4,3K,Three Kings
1685,KKKA3,3K,Three Kings
1686,KKKA2,3K,Three Kings
1687,KKKQJ,3K,Three Kings
1688,KKKQT,3K,Three Kings
1689,KKKQ9,3K,Three Kings
1690,KKKQ8,3K,Three Kings
1691,KKKQ7,3K,Three Kings
1692,KKKQ6,3K,Three Kings
1693,KKKQ5,3K,Three Kings
1694,KKKQ4,3K,Three Kings
1695,KKKQ3,3K,Three Kings
1696,KKKQ2,3K,Three Kings
1697,KKKJT,3K,Three Kings
1698,KKKJ9,3K,Three Kings
1699,KKKJ8,3K,Three Kings
1700,KKKJ7,3K,Three Kings
1701,KKKJ6,3K,Three Kings
1702,KKKJ5,3K,Three Kings
1703,KKKJ4,3K,Three Kings
1704,KKKJ3,3K,Three Kings
1705,KKKJ2,3K,Three Kings
1706,KKKT9,3K,Three Kings
1707,KKKT8,3K,Three Kings
1708,KKKT7,3K,Three Kings
1709,KKKT6,3K,Three Kings
1710,KKKT5,3K,Three Kings
1711,KKKT4,3K,Three Kings
1712,KKKT3,3K,Three Kings
1713,KKKT2,3K,Three Kings
1714,KKK98,3K,Three Kings
1715,KKK97,3K,Three Kings
1716,KKK96,3K,Three Kings
1717,KKK95,3K,Three Kings
1718,KKK94,3K,Three Kings
1719,KKK93,3K,Three Kings
1720,KKK92,3K,Three Kings
1721,KKK87,3K,Three Kings
1722,KKK86,3K,Three Kings
1723,KKK85,3K,Three Kings
1724,KKK84,3K,Three Kings
1725,KKK83,3K,Three Kings
1726,KKK82,3K,Three Kings
1727,KKK76,3K,Three Kings
1728,KKK75,3K,Three Kings
1729,KKK74,3K,Three Kings
1730,KKK73,3K,Three Kings
1731,KKK72,3K,Three Kings
1732,KKK65,3K,Three Kings
1733,KKK64,3K,Three Kings
1734,KKK63,3K,Three Kings
1735,KKK62,3K,Three Kings
1736,KKK54,3K,Three Kings
1737,KKK53,3K,Three Kings
1738,KKK52,3K,Three Kings
1739,KKK43,3K,Three Kings
1740,KKK42,3K,Three Kings
1741,KKK32,3K,Three Kings
1742,QQQAK,3K,Three Queens
1743,QQQAJ,3K,Three Queens
1744,QQQAT,3K,Three Queens
1745,QQQA9,3K,Three Queens
1746,QQQA8,3K,Three Queens
1747,QQQA7,3K,Three Queens
1748,QQQA6,3K,Three Queens
1749,QQQA5,3K,Three Queens
1750,QQQA4,3K,Three Queens
1751,QQQA3,3K,Three Queens
1752,QQQA2,3K,Three Queens
1753,QQQKJ,3K,Three Queens
1754,QQQKT,3K,Three Queens
1755,QQQK9,3K,Three Queens
1756,QQQK8,3K,Three Queens
1757,QQQK7,3K,Three Queens
1758,QQQK6,3K,Three Queens
1759,QQQK5,3K,Three Queens
1760,QQQK4,3K,Three Queens
1761,QQQK3,3K,Three Queens
1762,QQQK2,3K,Three Queens
1763,QQQJT,3K,Three Queens
1764,QQQJ9,3K,Three Queens
1765,QQQJ8,3K,Three Queens
1766,QQQJ7,3K,Three Queens
1767,QQQJ6,3K,Three Queens
1768,QQQJ5,3K,Three Queens
1769,QQQJ4,3K,Three Queens
1770,QQQJ3,3K,Three Queens
1771,QQQJ2,3K,Three Queens
1772,QQQT9,3K,Three Queens
1773,QQQT8,3K,Three Queens
1774,QQQT7,3K,Three Queens
1775,QQQT6,3K,Three Queens
1776,QQQT5,3K,Three Queens
1777,QQQT4,3K,Three Queens
1778,QQQT3,3K,Three Queens
1779,QQQT2,3K,Three Queens
1780,QQQ98,3K,Three Queens
1781,QQQ97,3K,Three Queens
1782,QQQ96,3K,Three Queens
1783,QQQ95,3K,Three Queens
1784,QQQ94,3K,Three Queens
1785,QQQ93,3K,Three Queens
1786,QQQ92,3K,Three Queens
1787,QQQ87,3K,Three Queens
1788,QQQ86,3K,Three Queens
1789,QQQ85,3K,Three Queens
1790,QQQ84,3K,Three Queens
1791,QQQ83,3K,Three Queens
1792,QQQ82,3K,Three Queens
1793,QQQ76,3K,Three Queens
1794,QQQ75,3K,Three Queens
1795,QQQ74,3K,Three Queens
1796,QQQ73,3K,Three Queens
1797,QQQ72,3K,Three Queens
1798,QQQ65,3K,Three Queens
1799,QQQ64,3K,Three Queens
1800,QQQ63,3K,Three Queens
1801,QQQ62,3K,Three Queens
1802,QQQ54,3K,Three Queens
1803,QQQ53,3K,Three Queens
1804,QQQ52,3K,Three Queens
1805,QQQ43,3K,Three Queens
1806,QQQ42,3K,Three Queens
1807,QQQ32,3K,Three Queens
1808,JJJAK,3K,Three Jacks
1809,JJJAQ,3K,Three Jacks
1810,JJJAT,3K,Three Jacks
1811,JJJA9,3K,Three Jacks
1812,JJJA8,3K,Three Jacks
1813,JJJA7,3K,Three Jacks
1814,JJJA6,3K,Three Jacks
1815,JJJA5,3K,Three Jacks
1816,JJJA4,3K,Three Jacks
1817,JJJA3,3K,Three Jacks
1818,JJJA2,3K,Three Jacks
1819,JJJKQ,3K,Three Jacks
1820,JJJKT,3K,Three Jacks
1821,JJJK9,3K,Three Jacks
1822,JJJK8,3K,Three Jacks
1823,JJJK7,3K,Three Jacks
1824,JJJK6,3K,Three Jacks
1825,JJJK5,3K,Three Jacks
1826,JJJK4,3K,Three Jacks
1827,JJJK3,3K,Three Jacks
1828,JJJK2,3K,Three Jacks
1829,JJJQT,3K,Three Jacks
1830,JJJQ9,3K,Three Jacks
1831,JJJQ8,3K,Three Jacks
1832,JJJQ7,3K,Three Jacks
1833,JJJQ6,3K,Three Jacks
1834,JJJQ5,3K,Three Jacks
1835,JJJQ4,3K,Three Jacks
1836,JJJQ3,3K,Three Jacks
1837,JJJQ2,3K,Three Jacks
1838,JJJT9,3K,Three Jacks
1839,JJJT8,3K,Three Jacks
1840,JJJT7,3K,Three Jacks
1841,JJJT6,3K,Three Jacks
1842,JJJT5,3K,Three Jacks
1843,JJJT4,3K,Three Jacks
1844,JJJT3,3K,Three Jacks
1845,JJJT2,3K,Three Jacks
1846,JJJ98,3K,Three Jacks
1847,JJJ97,3K,Three Jacks
1848,JJJ96,3K,Three Jacks
1849,JJJ95,3K,Three Jacks
1850,JJJ94,3K,Three Jacks
1851,JJJ93,3K,Three Jacks
1852,JJJ92,3K,Three Jacks
1853,JJJ87,3K,Three Jacks
1854,JJJ86,3K,Three Jacks
1855,JJJ85,3K,Three Jacks
1856,JJJ84,3K,Three Jacks
1857,JJJ83,3K,Three Jacks
1858,JJJ82,3K,Three Jacks
1859,JJJ76,3K,Three Jacks
1860,JJJ75,3K,Three Jacks
1861,JJJ74,3K,Three Jacks
1862,JJJ73,3K,Three Jacks
1863,JJJ72,3K,Three Jacks
1864,JJJ65,3K,Three Jacks
1865,JJJ64,3K,Three Jacks
1866,JJJ63,3K,Three Jacks
1867,JJJ62,3K,Three Jacks
1868,JJJ54,3K,Three Jacks
1869,JJJ53,3K,Three Jacks
1870,JJJ52,3K,Three Jacks
1871,JJJ43,3K,Three Jacks
1872,JJJ42,3K,Three Jacks
1873,JJJ32,3K,Three Jacks
1874,TTTAK,3K,Three Tens
1875,TTTAQ,3K,Three Tens
1876,TTTAJ,3K,Three Tens
1877,TTTA9,3K,Three Tens
1878,TTTA8,3K,Three Tens
1879,TTTA7,3K,Three Tens
1880,TTTA6,3K,Three Tens
1881,TTTA5,3K,Three Tens
1882,TTTA4,3K,Three Tens
1883,TTTA3,3K,Three Tens
1884,TTTA2,3K,Three Tens
1885,TTTKQ,3K,Three Tens
1886,TTTKJ,3K,Three Tens
1887,TTTK9,3K,Three Tens
1888,TTTK8,3K,Three Tens
1889,TTTK7,3K,Three Tens
1890,TTTK6,3K,Three Tens
1891,TTTK5,3K,Three Tens
1892,TTTK4,3K,Three Tens
1893,TTTK3,3K,Three Tens
1894,TTTK2,3K,Three Tens
1895,TTTQJ,3K,Three Tens
1896,TTTQ9,3K,Three Tens
1897,TTTQ8,3K,Three Tens
1898,TTTQ7,3K,Three Tens
1899,TTTQ6,3K,Three Tens
1900,TTTQ5,3K,Three Tens
1901,TTTQ4,3K,Three Tens
1902,TTTQ3,3K,Three Tens
1903,TTTQ2,3K,Three Tens
1904,TTTJ9,3K,Three Tens
1905,TTTJ8,3K,Three Tens
1906,TTTJ7,3K,Three Tens
1907,TTTJ6,3K,Three Tens
1908,TTTJ5,3K,Three Tens
1909,TTTJ4,3K,Three Tens
1910,TTTJ3,3K,Three Tens
1911,TTTJ2,3K,Three Tens
1912,TTT98,3K,Three Tens
1913,TTT97,3K,Three Tens
1914,TTT96,3K,Three Tens
1915,TTT95,3K,Three Tens
1916,TTT94,3K,Three Tens
1917,TTT93,3K,Three Tens
1918,TTT92,3K,Three Tens
1919,TTT87,3K,Three Tens
1920,TTT86,3K,Three Tens
1921,TTT85,3K,Three Tens
1922,TTT84,3K,Three Tens
1923,TTT83,3K,Three Tens
1924,TTT82,3K,Three Tens
1925,TTT76,3K,Three Tens
1926,TTT75,3K,Three Tens
1927,TTT74,3K,Three Tens
1928,TTT73,3K,Three Tens
1929,TTT72,3K,Three Tens
1930,TTT65,3K,Three Tens
1931,TTT64,3K,Three Tens
1932,TTT63,3K,Three Tens
1933,TTT62,3K,Three Tens
1934,TTT54,3K,Three Tens
1935,TTT53,3K,Three Tens
1936,TTT52,3K,Three Tens
1937,TTT43,3K,Three Tens
1938,TTT42,3K,Three Tens
1939,TTT32,3K,Three Tens
1940,999AK,3K,Three Nines
1941,999AQ,3K,Three Nines
1942,999AJ,3K,Three Nines
1943,999AT,3K,Three Nines
1944,999A8,3K,Three Nines
1945,999A7,3K,Three Nines
1946,999A6,3K,Three Nines
1947,999A5,3K,Three Nines
1948,999A4,3K,Three Nines
1949,999A3,3K,Three Nines
1950,999A2,3K,Three Nines
1951,999KQ,3K,Three Nines
1952,999KJ,3K,Three Nines
1953,999KT,3K,Three Nines
1954,999K8,3K,Three Nines
1955,999K7,3K,Three Nines
1956,999K6,3K,Three Nines
1957,999K5,3K,Three Nines
1958,999K4,3K,Three Nines
1959,999K3,3K,Three Nines
1960,999K2,3K,Three Nines
1961,999QJ,3K,Three Nines
1962,999QT,3K,Three Nines
1963,999Q8,3K,Three Nines
1964,999Q7,3K,Three Nines
1965,999Q6,3K,Three Nines
1966,999Q5,3K,Three Nines
1967,999Q4,3K,Three Nines
1968,999Q3,3K,Three Nines
1969,999Q2,3K,Three Nines
1970,999JT,3K,Three Nines
1971,999J8,3K,Three Nines
1972,999J7,3K,Three Nines
1973,999J6,3K,Three Nines
1974,999J5,3K,Three Nines
1975,999J4,3K,Three Nines
1976,999J3,3K,Three Nines
1977,999J2,3K,Three Nines
1978,999T8,3K,Three Nines
1979,999T7,3K,Three Nines
1980,999T6,3K,Three Nines
1981,999T5,3K,Three Nines
1982,999T4,3K,Three Nines
1983,999T3,3K,Three Nines
1984,999T2,3K,Three Nines
1985,99987,3K,Three Nines
1986,99986,3K,Three Nines
1987,99985,3K,Three Nines
1988,99984,3K,Three Nines
1989,99983,3K,Three Nines
1990,99982,3K,Three Nines
1991,99976,3K,Three Nines
1992,99975,3K,Three Nines
1993,99974,3K,Three Nines
1994,99973,3K,Three Nines
1995,99972,3K,Three Nines
1996,99965,3K,Three Nines
1997,99964,3K,Three Nines
1998,99963,3K,Three Nines
1999,99962,3K,Three Nines
2000,99954,3K,Three Nines
2001,99953,3K,Three Nines
2002,99952,3K,Three Nines
2003,99943,3K,Three Nines
2004,99942,3K,Three Nines
2005,99932,3K,Three Nines
2006,888AK,3K,Three Eights
2007,888AQ,3K,Three Eights
2008,888AJ,3K,Three Eights
2009,888AT,3K,Three Eights
2010,888A9,3K,Three Eights
2011,888A7,3K,Three Eights
2012,888A6,3K,Three Eights
2013,888A5,3K,Three Eights
2014,888A4,3K,Three Eights
2015,888A3,3K,Three Eights
2016,888A2,3K,Three Eights
2017,888KQ,3K,Three Eights
2018,888KJ,3K,Three Eights
2019,888KT,3K,Three Eights
2020,888K9,3K,Three Eights
2021,888K7,3K,Three Eights
2022,888K6,3K,Three Eights
2023,888K5,3K,Three Eights
2024,888K4,3K,Three Eights
2025,888K3,3K,Three Eights
2026,888K2,3K,Three Eights
2027,888QJ,3K,Three Eights
2028,888QT,3K,Three Eights
2029,888Q9,3K,Three Eights
2030,888Q7,3K,Three Eights
2031,888Q6,3K,Three Eights
2032,888Q5,3K,Three Eights
2033,888Q4,3K,Three Eights
2034,888Q3,3K,Three Eights
2035,888Q2,3K,Three Eights
2036,888JT,3K,Three Eights
2037,888J9,3K,Three Eights
2038,888J7,3K,Three Eights
2039,888J6,3K,Three Eights
2040,888J5,3K,Three Eights
2041,888J4,3K,Three Eights
2042,888J3,3K,Three Eights
2043,888J2,3K,Three Eights
2044,888T9,3K,Three Eights
2045,888T7,3K,Three Eights
2046,888T6,3K,Three Eights
2047,888T5,3K,Three Eights
2048,888T4,3K,Three Eights
2049,888T3,3K,Three Eights
2050,888T2,3K,Three Eights
2051,88897,3K,Three Eights
2052,88896,3K,Three Eights
2053,88895,3K,Three Eights
2054,88894,3K,Three Eights
2055,88893,3K,Three Eights
2056,88892,3K,Three Eights
2057,88876,3K,Three Eights
2058,88875,3K,Three Eights
2059,88874,3K,Three Eights
2060,88873,3K,Three Eights
2061,88872,3K,Three Eights
2062,88865,3K,Three Eights
2063,88864,3K,Three Eights
2064,88863,3K,Three Eights
2065,88862,3K,Three Eights
2066,88854,3K,Three Eights
2067,88853,3K,Three Eights
2068,88852,3K,Three Eights
2069,88843,3K,Three Eights
2070,88842,3K,Three Eights
2071,88832,3K,Three Eights
2072,777AK,3K,Three Sevens
2073,777AQ,3K,Three Sevens
2074,777AJ,3K,Three Sevens
2075,777AT,3K,Three Sevens
2076,777A9,3K,Three Sevens
2077,777A8,3K,Three Sevens
2078,777A6,3K,Three Sevens
2079,777A5,3K,Three Sevens
2080,777A4,3K,Three Sevens
2081,777A3,3K,Three Sevens
2082,777A2,3K,Three Sevens
2083,777KQ,3K,Three Sevens
2084,777KJ,3K,Three Sevens
2085,777KT,3K,Three Sevens
2086,777K9,3K,Three Sevens
2087,777K8,3K,Three Sevens
2088,777K6,3K,Three Sevens
2089,777K5,3K,Three Sevens
2090,777K4,3K,Three Sevens
2091,777K3,3K,Three Sevens
2092,777K2,3K,Three Sevens
2093,777QJ,3K,Three Sevens
2094,777QT,3K,Three Sevens
2095,777Q9,3K,Three Sevens
2096,777Q8,3K,Three Sevens
2097,777Q6,3K,Three Sevens
2098,777Q5,3K,Three Sevens
2099,777Q4,3K,Three Sevens
2100,777Q3,3K,Three Sevens
2101,777Q2,3K,Three Sevens
2102,777JT,3K,Three Sevens
2103,777J9,3K,Three Sevens
2104,777J8,3K,Three Sevens
2105,777J6,3K,Three Sevens
2106,777J5,3K,Three Sevens
2107,777J4,3K,Three Sevens
2108,777J3,3K,Three Sevens
2109,777J2,3K,Three Sevens
2110,777T9,3K,Three Sevens
2111,777T8,3K,Three Sevens
2112,777T6,3K,Three Sevens
2113,777T5,3K,Three Sevens
2114,777T4,3K,Three Sevens
2115,777T3,3K,Three Sevens
2116,777T2,3K,Three Sevens
2117,77798,3K,Three Sevens
2118,77796,3K,Three Sevens
2119,77795,3K,Three Sevens
2120,77794,3K,Three Sevens
2121,77793,3K,Three Sevens
2122,77792,3K,Three Sevens
2123,77786,3K,Three Sevens
2124,77785,3K,Three Sevens
2125,77784,3K,Three Sevens
2126,77783,3K,Three Sevens
2127,77782,3K,Three Sevens
2128,77765,3K,Three Sevens
2129,77764,3K,Three Sevens
2130,77763,3K,Three Sevens
2131,77762,3K,Three Sevens
2132,77754,3K,Three Sevens
2133,77753,3K,Three Sevens
2134,77752,3K,Three Sevens
2135,77743,3K,Three Sevens
2136,77742,3K,Three Sevens
2137,77732,3K,Three Sevens
2138,666AK,3K,Three Sixes
2139,666AQ,3K,Three Sixes
2140,666AJ,3K,Three Sixes
2141,666AT,3K,Three Sixes
2142,666A9,3K,Three Sixes
2143,666A8,3K,Three Sixes
2144,666A7,3K,Three Sixes
2145,666A5,3K,Three Sixes
2146,666A4,3K,Three Sixes
2147,666A3,3K,Three Sixes
2148,666A2,3K,Three Sixes
2149,666KQ,3K,Three Sixes
2150,666KJ,3K,Three Sixes
2151,666KT,3K,Three Sixes
2152,666K9,3K,Three Sixes
2153,666K8,3K,Three Sixes
2154,666K7,3K,Three Sixes
2155,666K5,3K,Three Sixes
2156,666K4,3K,Three Sixes
2157,666K3,3K,Three Sixes
2158,666K2,3K,Three Sixes
2159,666QJ,3K,Three Sixes
2160,666QT,3K,Three Sixes
2161,666Q9,3K,Three Sixes
2162,666Q8,3K,Three Sixes
2163,666Q7,3K,Three Sixes
2164,666Q5,3K,Three Sixes
2165,666Q4,3K,Three Sixes
2166,666Q3,3K,Three Sixes
2167,666Q2,3K,Three Sixes
2168,666JT,3K,Three Sixes
2169,666J9,3K,Three Sixes
2170,666J8,3K,Three Sixes
2171,666J7,3K,Three Sixes
2172,666J5,3K,Three Sixes
2173,666J4,3K,Three Sixes
2174,666J3,3K,Three Sixes
2175,666J2,3K,Three Sixes
2176,666T9,3K,Three Sixes
2177,666T8,3K,Three Sixes
2178,666T7,3K,Three Sixes
2179,666T5,3K,Three Sixes
2180,666T4,3K,Three Sixes
2181,666T3,3K,Three Sixes
2182,666T2,3K,Three Sixes
2183,66698,3K,Three Sixes
2184,66697,3K,Three Sixes
2185,66695,3K,Three Sixes
2186,66694,3K,Three Sixes
2187,66693,3K,Three Sixes
2188,66692,3K,Three Sixes
2189,66687,3K,Three Sixes
2190,66685,3K,Three Sixes
2191,66684,3K,Three Sixes
2192,66683,3K,Three Sixes
2193,66682,3K,Three Sixes
2194,66675,3K,Three Sixes
2195,66674,3K,Three Sixes
2196,66673,3K,Three Sixes
2197,66672,3K,Three Sixes
2198,66654,3K,Three Sixes
2199,66653,3K,Three Sixes
2200,66652,3K,Three Sixes
2201,66643,3K,Three Sixes
2202,66642,3K,Three Sixes
2203,66632,3K,Three Sixes
2204,555AK,3K,Three Fives
2205,555AQ,3K,Three Fives
2206,555AJ,3K,Three Fives
2207,555AT,3K,Three Fives
2208,555A9,3K,Three Fives
2209,555A8,3K,Three Fives
2210,555A7,3K,Three Fives
2211,555A6,3K,Three Fives
2212,555A4,3K,Three Fives
2213,555A3,3K,Three Fives
2214,555A2,3K,Three Fives
2215,555KQ,3K,Three Fives
2216,555KJ,3K,Three Fives
2217,555KT,3K,Three Fives
2218,555K9,3K,Three Fives
2219,555K8,3K,Three Fives
2220,555K7,3K,Three Fives
2221,555K6,3K,Three Fives
2222,555K4,3K,Three Fives
2223,555K3,3K,Three Fives
2224,555K2,3K,Three Fives
2225,555QJ,3K,Three Fives
2226,555QT,3K,Three Fives
2227,555Q9,3K,Three Fives
2228,555Q8,3K,Three Fives
2229,555Q7,3K,Three Fives
2230,555Q6,3K,Three Fives
2231,555Q4,3K,Three Fives
2232,555Q3,3K,Three Fives
2233,555Q2,3K,Three Fives
2234,555JT,3K,Three Fives
2235,555J9,3K,Three Fives
2236,555J8,3K,Three Fives
2237,555J7,3K,Three Fives
2238,555J6,3K,Three Fives
2239,555J4,3K,Three Fives
2240,555J3,3K,Three Fives
2241,555J2,3K,Three Fives
2242,555T9,3K,Three Fives
2243,555T8,3K,Three Fives
2244,555T7,3K,Three Fives
2245,555T6,3K,Three Fives
2246,555T4,3K,Three Fives
2247,555T3,3K,Three Fives
2248,555T2,3K,Three Fives
2249,55598,3K,Three Fives
2250,55597,3K,Three Fives
2251,55596,3K,Three Fives
2252,55594,3K,Three Fives
2253,55593,3K,Three Fives
2254,55592,3K,Three Fives
2255,55587,3K,Three Fives
2256,55586,3K,Three Fives
2257,55584,3K,Three Fives
2258,55583,3K,Three Fives
2259,55582,3K,Three Fives
2260,55576,3K,Three Fives
2261,55574,3K,Three Fives
2262,55573,3K,Three Fives
2263,55572,3K,Three Fives
2264,55564,3K,Three Fives
2265,55563,3K,Three Fives
2266,55562,3K,Three Fives
2267,55543,3K,Three Fives
2268,55542,3K,Three Fives
2269,55532,3K,Three Fives
2270,444AK,3K,Three Fours
2271,444AQ,3K,Three Fours
2272,444AJ,3K,Three Fours
2273,444AT,3K,Three Fours
2274,444A9,3K,Three Fours
2275,444A8,3K,Three Fours
2276,444A7,3K,Three Fours
2277,444A6,3K,Three Fours
2278,444A5,3K,Three Fours
2279,444A3,3K,Three Fours
2280,444A2,3K,Three Fours
2281,444KQ,3K,Three Fours
2282,444KJ,3K,Three Fours
2283,444KT,3K,Three Fours
2284,444K9,3K,Three Fours
2285,444K8,3K,Three Fours
2286,444K7,3K,Three Fours
2287,444K6,3K,Three Fours
2288,444K5,3K,Three Fours
2289,444K3,3K,Three Fours
2290,444K2,3K,Three Fours
2291,444QJ,3K,Three Fours
2292,444QT,3K,Three Fours
2293,444Q9,3K,Three Fours
2294,444Q8,3K,Three Fours
2295,444Q7,3K,Three Fours
2296,444Q6,3K,Three Fours
2297,444Q5,3K,Three Fours
2298,444Q3,3K,Three Fours
2299,444Q2,3K,Three Fours
2300,444JT,3K,Three Fours
2301,444J9,3K,Three Fours
2302,444J8,3K,Three Fours
2303,444J7,3K,Three Fours
2304,444J6,3K,Three Fours
2305,444J5,3K,Three Fours
2306,444J3,3K,Three Fours
2307,444J2,3K,Three Fours
2308,444T9,3K,Three Fours
2309,444T8,3K,Three Fours
2310,444T7,3K,Three Fours
2311,444T6,3K,Three Fours
2312,444T5,3K,Three Fours
2313,444T3,3K,Three Fours
2314,444T2,3K,Three Fours
2315,44498,3K,Three Fours
2316,44497,3K,Three Fours
2317,44496,3K,Three Fours
2318,44495,3K,Three Fours
2319,44493,3K,Three Fours
2320,44492,3K,Three Fours
2321,44487,3K,Three Fours
2322,44486,3K,Three Fours
2323,44485,3K,Three Fours
2324,44483,3K,Three Fours
2325,44482,3K,Three Fours
2326,44476,3K,Three Fours
2327,44475,3K,Three Fours
2328,44473,3K,Three Fours
2329,44472,3K,Three Fours
2330,44465,3K,Three Fours
2331,44463,3K,Three Fours
2332,44462,3K,Three Fours
2333,44453,3K,Three Fours
2334,44452,3K,Three Fours
2335,44432,3K,Three Fours
2336,333AK,3K,Three Treys
2337,333AQ,3K,Three Treys
2338,333AJ,3K,Three Treys
2339,333AT,3K,Three Treys
2340,333A9,3K,Three Treys
2341,333A8,3K,Three Treys
2342,333A7,3K,Three Treys
2343,333A6,3K,Three Treys
2344,333A5,3K,Three Treys
2345,333A4,3K,Three Treys
2346,333A2,3K,Three Treys
2347,333KQ,3K,Three Treys
2348,333KJ,3K,Three Treys
2349,333KT,3K,Three Treys
2350,333K9,3K,Three Treys
2351,333K8,3K,Three Treys
2352,333K7,3K,Three Treys
2353,333K6,3K,Three Treys
2354,333K5,3K,Three Treys
2355,333K4,3K,Three Treys
2356,333K2,3K,Three Treys
2357,333QJ,3K,Three Treys
2358,333QT,3K,Three Treys
2359,333Q9,3K,Three Treys
2360,333Q8,3K,Three Treys
2361,333Q7,3K,Three Treys
2362,333Q6,3K,Three Treys
2363,333Q5,3K,Three Treys
2364,333Q4,3K,Three Treys
2365,333Q2,3K,Three Treys
2366,333JT,3K,Three Treys
2367,333J9,3K,Three Treys
2368,333J8,3K,Three Treys
2369,333J7,3K,Three Treys
2370,333J6,3K,Three Treys
2371,333J5,3K,Three Treys
2372,333J4,3K,Three Treys
2373,333J2,3K,Three Treys
2374,333T9,3K,Three Treys
2375,333T8,3K,Three Treys
2376,333T7,3K,Three Treys
2377,333T6,3K,Three Treys
2378,333T5,3K,Three Treys
2379,333T4,3K,Three Treys
2380,333T2,3K,Three Treys
2381,33398,3K,Three Treys
2382,33397,3K,Three Treys
2383,33396,3K,Three Treys
2384,33395,3K,Three Treys
2385,33394,3K,Three Treys
2386,33392,3K,Three Treys
2387,33387,3K,Three Treys
2388,33386,3K,Three Treys
2389,33385,3K,Three Treys
2390,33384,3K,Three Treys
2391,33382,3K,Three Treys
2392,33376,3K,Three Treys
2393,33375,3K,Three Treys
2394,33374,3K,Three Treys
2395,33372,3K,Three Treys
2396,33365,3K,Three Treys
2397,33364,3K,Three Treys
2398,33362,3K,Three Treys
2399,33354,3K,Three Treys
2400,33352,3K,Three Treys
2401,33342,3K,Three Treys
2402,222AK,3K,Three Deuces
2403,222AQ,3K,Three Deuces
2404,222AJ,3K,Three Deuces
2405,222AT,3K,Three Deuces
2406,222A9,3K,Three Deuces
2407,222A8,3K,Three Deuces
2408,222A7,3K,Three Deuces
2409,222A6,3K,Three Deuces
2410,222A5,3K,Three Deuces
2411,222A4,3K,Three Deuces
2412,222A3,3K,Three Deuces
2413,222KQ,3K,Three Deuces
2414,222KJ,3K,Three Deuces
2415,222KT,3K,Three Deuces
2416,222K9,3K,Three Deuces
2417,222K8,3K,Three Deuces
2418,222K7,3K,Three Deuces
2419,222K6,3K,Three Deuces
2420,222K5,3K,Three Deuces
2421,222K4,3K,Three Deuces
2422,222K3,3K,Three Deuces
2423,222QJ,3K,Three Deuces
2424,222QT,3K,Three Deuces
2425,222Q9,3K,Three Deuces
2426,222Q8,3K,Three Deuces
2427,222Q7,3K,Three Deuces
2428,222Q6,3K,Three Deuces
2429,222Q5,3K,Three Deuces
2430,222Q4,3K,Three Deuces
2431,222Q3,3K,Three Deuces
2432,222JT,3K,Three Deuces
2433,222J9,3K,Three Deuces
2434,222J8,3K,Three Deuces
2435,222J7,3K,Three Deuces
2436,222J6,3K,Three Deuces
2437,222J5,3K,Three Deuces
2438,222J4,3K,Three Deuces
2439,222J3,3K,Three Deuces
2440,222T9,3K,Three Deuces
2441,222T8,3K,Three Deuces
2442,222T7,3K,Three Deuces
2443,222T6,3K,Three Deuces
2444,222T5,3K,Three Deuces
2445,222T4,3K,Three Deuces
2446,222T3,3K,Three Deuces
2447,22298,3K,Three Deuces
2448,22297,3K,Three Deuces
2449,22296,3K,Three Deuces
2450,22295,3K,Three Deuces
2451,22294,3K,Three Deuces
2452,22293,3K,Three Deuces
2453,22287,3K,Three Deuces
2454,22286,3K,Three Deuces
2455,22285,3K,Three Deuces
2456,22284,3K,Three Deuces
2457,22283,3K,Three Deuces
2458,22276,3K,Three Deuces
2459,22275,3K,Three Deuces
2460,22274,3K,Three Deuces
2461,22273,3K,Three Deuces
2462,22265,3K,Three Deuces
2463,22264,3K,Three Deuces
2464,22263,3K,Three Deuces
2465,22254,3K,Three Deuces
2466,22253,3K,Three Deuces
2467,22243,3K,Three Deuces
2468,AAKKQ,2P,Aces and Kings
2469,AAKKJ,2P,Aces and Kings
2470,AAKKT,2P,Aces and Kings
2471,AAKK9,2P,Aces and Kings
2472,AAKK8,2P,Aces and Kings
2473,AAKK7,2P,Aces and Kings
2474,AAKK6,2P,Aces and Kings
2475,AAKK5,2P,Aces and Kings
2476,AAKK4,2P,Aces and Kings
2477,AAKK3,2P,Aces and Kings
2478,AAKK2,2P,Aces and Kings
2479,AAQQK,2P,Aces and Queens
2480,AAQQJ,2P,Aces and Queens
2481,AAQQT,2P,Aces and Queens
2482,AAQQ9,2P,Aces and Queens
2483,AAQQ8,2P,Aces and Queens
2484,AAQQ7,2P,Aces and Queens
2485,AAQQ6,2P,Aces and Queens
2486,AAQQ5,2P,Aces and Queens
2487,AAQQ4,2P,Aces and Queens
2488,AAQQ3,2P,Aces and Queens
2489,AAQQ2,2P,Aces and Queens
2490,AAJJK,2P,Aces and Jacks
2491,AAJJQ,2P,Aces and Jacks
2492,AAJJT,2P,Aces and Jacks
2493,AAJJ9,2P,Aces and Jacks
2494,AAJJ8,2P,Aces and Jacks
2495,AAJJ7,2P,Aces and Jacks
2496,AAJJ6,2P,Aces and Jacks
2497,AAJJ5,2P,Aces and Jacks
2498,AAJJ4,2P,Aces and Jacks
2499,AAJJ3,2P,Aces and Jacks
2500,AAJJ2,2P,Aces and Jacks
2501,AATTK,2P,Aces and Tens
2502,AATTQ,2P,Aces and Tens
2503,AATTJ,2P,Aces and Tens
2504,AATT9,2P,Aces and Tens
2505,AATT8,2P,Aces and Tens
2506,AATT7,2P,Aces and Tens
2507,AATT6,2P,Aces and Tens
2508,AATT5,2P,Aces and Tens
2509,AATT4,2P,Aces and Tens
2510,AATT3,2P,Aces and Tens
2511,AATT2,2P,Aces and Tens
2512,AA99K,2P,Aces and Nines
2513,AA99Q,2P,Aces and Nines
2514,AA99J,2P,Aces and Nines
2515,AA99T,2P,Aces and Nines
2516,AA998,2P,Aces and Nines
2517,AA997,2P,Aces and Nines
2518,AA996,2P,Aces and Nines
2519,AA995,2P,Aces and Nines
2520,AA994,2P,Aces and Nines
2521,AA993,2P,Aces and Nines
2522,AA992,2P,Aces and Nines
2523,AA88K,2P,Aces and Eights
2524,AA88Q,2P,Aces and Eights
2525,AA88J,2P,Aces and Eights
2526,AA88T,2P,Aces and Eights
2527,AA889,2P,Aces and Eights
2528,AA887,2P,Aces and Eights
2529,AA886,2P,Aces and Eights
2530,AA885,2P,Aces and Eights
2531,AA884,2P,Aces and Eights
2532,AA883,2P,Aces and Eights
2533,AA882,2P,Aces and Eights
2534,AA77K,2P,Aces and Sevens
2535,AA77Q,2P,Aces and Sevens
2536,AA77J,2P,Aces and Sevens
2537,AA77T,2P,Aces and Sevens
2538,AA779,2P,Aces and Sevens
2539,AA778,2P,Aces and Sevens
2540,AA776,2P,Aces and Sevens
2541,AA775,2P,Aces and Sevens
2542,AA774,2P,Aces and Sevens
2543,AA773,2P,Aces and Sevens
2544,AA772,2P,Aces and Sevens
2545,AA66K,2P,Aces and Sixes
2546,AA66Q,2P,Aces and Sixes
2547,AA66J,2P,Aces and Sixes
2548,AA66T,2P,Aces and Sixes
2549,AA669,2P,Aces and Sixes
2550,AA668,2P,Aces and Sixes
2551,AA667,2P,Aces and Sixes
2552,AA665,2P,Aces and Sixes
2553,AA664,2P,Aces and Sixes
2554,AA663,2P,Aces and Sixes
2555,AA662,2P,Aces and Sixes
2556,AA55K,2P,Aces and Fives
2557,AA55Q,2P,Aces and Fives
2558,AA55J,2P,Aces and Fives
2559,AA55T,2P,Aces and Fives
2560,AA559,2P,Aces and Fives
2561,AA558,2P,Aces and Fives
2562,AA557,2P,Aces and Fives
2563,AA556,2P,Aces and Fives
2564,AA554,2P,Aces and Fives
2565,AA553,2P,Aces and Fives
2566,AA552,2P,Aces and Fives
2567,AA44K,2P,Aces and Fours
2568,AA44Q,2P,Aces and Fours
2569,AA44J,2P,Aces and Fours
2570,AA44T,2P,Aces and Fours
2571,AA449,2P,Aces and Fours
2572,AA448,2P,Aces and Fours
2573,AA447,2P,Aces and Fours
2574,AA446,2P,Aces and Fours
2575,AA445,2P,Aces and Fours
2576,AA443,2P,Aces and Fours
2577,AA442,2P,Aces and Fours
2578,AA33K,2P,Aces and Treys
2579,AA33Q,2P,Aces and Treys
2580,AA33J,2P,Aces and Treys
2581,AA33T,2P,Aces and Treys
2582,AA339,2P,Aces and Treys
2583,AA338,2P,Aces and Treys
2584,AA337,2P,Aces and Treys
2585,AA336,2P,Aces and Treys
2586,AA335,2P,Aces and Treys
2587,AA334,2P,Aces and Treys
2588,AA332,2P,Aces and Treys
2589,AA22K,2P,Aces and Deuces
2590,AA22Q,2P,Aces and Deuces
2591,AA22J,2P,Aces and Deuces
2592,AA22T,2P,Aces and Deuces
2593,AA229,2P,Aces and Deuces
2594,AA228,2P,Aces and Deuces
2595,AA227,2P,Aces and Deuces
2596,AA226,2P,Aces and Deuces
2597,AA225,2P,Aces and Deuces
2598,AA224,2P,Aces and Deuces
2599,AA223,2P,Aces and Deuces
2600,KKQQA,2P,Kings and Queens
2601,KKQQJ,2P,Kings and Queens
2602,KKQQT,2P,Kings and Queens
2603,KKQQ9,2P,Kings and Queens
2604,KKQQ8,2P,Kings and Queens
2605,KKQQ7,2P,Kings and Queens
2606,KKQQ6,2P,Kings and Queens
2607,KKQQ5,2P,Kings and Queens
2608,KKQQ4,2P,Kings and Queens
2609,KKQQ3,2P,Kings and Queens
2610,KKQQ2,2P,Kings and Queens
2611,KKJJA,2P,Kings and Jacks
2612,KKJJQ,2P,Kings and Jacks
2613,KKJJT,2P,Kings and Jacks
2614,KKJJ9,2P,Kings and Jacks
2615,KKJJ8,2P,Kings and Jacks
2616,KKJJ7,2P,Kings and Jacks
2617,KKJJ6,2P,Kings and Jacks
2618,KKJJ5,2P,Kings and Jacks
2619,KKJJ4,2P,Kings and Jacks
2620,KKJJ3,2P,Kings and Jacks
2621,KKJJ2,2P,Kings and Jacks
2622,KKTTA,2P,Kings and Tens
2623,KKTTQ,2P,Kings and Tens
2624,KKTTJ,2P,Kings and Tens
2625,KKTT9,2P,Kings and Tens
2626,KKTT8,2P,Kings and Tens
2627,KKTT7,2P,Kings and Tens
2628,KKTT6,2P,Kings and Tens
2629,KKTT5,2P,Kings and Tens
2630,KKTT4,2P,Kings and Tens
2631,KKTT3,2P,Kings and Tens
2632,KKTT2,2P,Kings and Tens
2633,KK99A,2P,Kings and Nines
2634,KK99Q,2P,Kings and Nines
2635,KK99J,2P,Kings and Nines
2636,KK99T,2P,Kings and Nines
2637,KK998,2P,Kings and Nines
2638,KK997,2P,Kings and Nines
2639,KK996,2P,Kings and Nines
2640,KK995,2P,Kings and Nines
2641,KK994,2P,Kings and Nines
2642,KK993,2P,Kings and Nines
2643,KK992,2P,Kings and Nines
2644,KK88A,2P,Kings and Eights
2645,KK88Q,2P,Kings and Eights
2646,KK88J,2P,Kings and Eights
2647,KK88T,2P,Kings and Eights
2648,KK889,2P,Kings and Eights
2649,KK887,2P,Kings and Eights
2650,KK886,2P,Kings and Eights
2651,KK885,2P,Kings and Eights
2652,KK884,2P,Kings and Eights
2653,KK883,2P,Kings and Eights
2654,KK882,2P,Kings and Eights
2655,KK77A,2P,Kings and Sevens
2656,KK77Q,2P,Kings and Sevens
2657,KK77J,2P,Kings and Sevens
2658,KK77T,2P,Kings and Sevens
2659,KK779,2P,Kings and Sevens
2660,KK778,2P,Kings and Sevens
2661,KK776,2P,Kings and Sevens
2662,KK775,2P,Kings and Sevens
2663,KK774,2P,Kings and Sevens
2664,KK773,2P,Kings and Sevens
2665,KK772,2P,Kings and Sevens
2666,KK66A,2P,Kings and Sixes
2667,KK66Q,2P,Kings and Sixes
2668,KK66J,2P,Kings and Sixes
2669,KK66T,2P,Kings and Sixes
2670,KK669,2P,Kings and Sixes
2671,KK668,2P,Kings and Sixes
2672,KK667,2P,Kings and Sixes
2673,KK665,2P,Kings and Sixes
2674,KK664,2P,Kings and Sixes
2675,KK663,2P,Kings and Sixes
2676,KK662,2P,Kings and Sixes
2677,KK55A,2P,Kings and Fives
2678,KK55Q,2P,Kings and Fives
2679,KK55J,2P,Kings and Fives
2680,KK55T,2P,Kings and Fives
2681,KK559,2P,Kings and Fives
2682,KK558,2P,Kings and Fives
2683,KK557,2P,Kings and Fives
2684,KK556,2P,Kings and Fives
2685,KK554,2P,Kings and Fives
2686,KK553,2P,Kings and Fives
2687,KK552,2P,Kings and Fives
2688,KK44A,2P,Kings and Fours
2689,KK44Q,2P,Kings and Fours
2690,KK44J,2P,Kings and Fours
2691,KK44T,2P,Kings and Fours
2692,KK449,2P,Kings and Fours
2693,KK448,2P,Kings and Fours
2694,KK447,2P,Kings and Fours
2695,KK446,2P,Kings and Fours
2696,KK445,2P,Kings and Fours
2697,KK443,2P,Kings and Fours
2698,KK442,2P,Kings and Fours
2699,KK33A,2P,Kings and Treys
2700,KK33Q,2P,Kings and Treys
2701,KK33J,2P,Kings and Treys
2702,KK33T,2P,Kings and Treys
2703,KK339,2P,Kings and Treys
2704,KK338,2P,Kings and Treys
2705,KK337,2P,Kings and Treys
2706,KK336,2P,Kings and Treys
2707,KK335,2P,Kings and Treys
2708,KK334,2P,Kings and Treys
2709,KK332,2P,Kings and Treys
2710,KK22A,2P,Kings and Deuces
2711,KK22Q,2P,Kings and Deuces
2712,KK22J,2P,Kings and Deuces
2713,KK22T,2P,Kings and Deuces
2714,KK229,2P,Kings and Deuces
2715,KK228,2P,Kings and Deuces
2716,KK227,2P,Kings and Deuces
2717,KK226,2P,Kings and Deuces
2718,KK225,2P,Kings and Deuces
2719,KK224,2P,Kings and Deuces
2720,KK223,2P,Kings and Deuces
2721,QQJJA,2P,Queens and Jacks
2722,QQJJK,2P,Queens and Jacks
2723,QQJJT,2P,Queens and Jacks
2724,QQJJ9,2P,Queens and Jacks
2725,QQJJ8,2P,Queens and Jacks
2726,QQJJ7,2P,Queens and Jacks
2727,QQJJ6,2P,Queens and Jacks
2728,QQJJ5,2P,Queens and Jacks
2729,QQJJ4,2P,Queens and Jacks
2730,QQJJ3,2P,Queens and Jacks
2731,QQJJ2,2P,Queens and Jacks
2732,QQTTA,2P,Queens and Tens
2733,QQTTK,2P,Queens and Tens
2734,QQTTJ,2P,Queens and Tens
2735,QQTT9,2P,Queens and Tens
2736,QQTT8,2P,Queens and Tens
2737,QQTT7,2P,Queens and Tens
2738,QQTT6,2P,Queens and Tens
2739,QQTT5,2P,Queens and Tens
2740,QQTT4,2P,Queens and Tens
2741,QQTT3,2P,Queens and Tens
2742,QQTT2,2P,Queens and Tens
2743,QQ99A,2P,Queens and Nines
2744,QQ99K,2P,Queens and Nines
2745,QQ99J,2P,Queens and Nines
2746,QQ99T,2P,Queens and Nines
2747,QQ998,2P,Queens and Nines
2748,QQ997,2P,Queens and Nines
2749,QQ996,2P,Queens and Nines
2750,QQ995,2P,Queens and Nines
2751,QQ994,2P,Queens and Nines
2752,QQ993,2P,Queens and Nines
2753,QQ992,2P,Queens and Nines
2754,QQ88A,2P,Queens and Eights
2755,QQ88K,2P,Queens and Eights
2756,QQ88J,2P,Queens and Eights
2757,QQ88T,2P,Queens and Eights
2758,QQ889,2P,Queens and Eights
2759,QQ887,2P,Queens and Eights
2760,QQ886,2P,Queens and Eights
2761,QQ885,2P,Queens and Eights
2762,QQ884,2P,Queens and Eights
2763,QQ883,2P,Queens and Eights
2764,QQ882,2P,Queens and Eights
2765,QQ77A,2P,Queens and Sevens
2766,QQ77K,2P,Queens and Sevens
2767,QQ77J,2P,Queens and Sevens
2768,QQ77T,2P,Queens and Sevens
2769,QQ779,2P,Queens and Sevens
2770,QQ778,2P,Queens and Sevens
2771,QQ776,2P,Queens and Sevens
2772,QQ775,2P,Queens and Sevens
2773,QQ774,2P,Queens and Sevens
2774,QQ773,2P,Queens and Sevens
2775,QQ772,2P,Queens and Sevens
2776,QQ66A,2P,Queens and Sixes
2777,QQ66K,2P,Queens and Sixes
2778,QQ66J,2P,Queens and Sixes
2779,QQ66T,2P,Queens and Sixes
2780,QQ669,2P,Queens and Sixes
2781,QQ668,2P,Queens and Sixes
2782,QQ667,2P,Queens and Sixes
2783,QQ665,2P,Queens and Sixes
2784,QQ664,2P,Queens and Sixes
2785,QQ663,2P,Queens and Sixes
2786,QQ662,2P,Queens and Sixes
2787,QQ55A,2P,Queens and Fives
2788,QQ55K,2P,Queens and Fives
2789,QQ55J,2P,Queens and Fives
2790,QQ55T,2P,Queens and Fives
2791,QQ559,2P,Queens and Fives
2792,QQ558,2P,Queens and Fives
2793,QQ557,2P,Queens and Fives
2794,QQ556,2P,Queens and Fives
2795,QQ554,2P,Queens and Fives
2796,QQ553,2P,Queens and Fives
2797,QQ552,2P,Queens and Fives
2798,QQ44A,2P,Queens and Fours
2799,QQ44K,2P,Queens and Fours
2800,QQ44J,2P,Queens and Fours
2801,QQ44T,2P,Queens and Fours
2802,QQ449,2P,Queens and Fours
2803,QQ448,2P,Queens and Fours
2804,QQ447,2P,Queens and Fours
2805,QQ446,2P,Queens and Fours
2806,QQ445,2P,Queens and Fours
2807,QQ443,2P,Queens and Fours
2808,QQ442,2P,Queens and Fours
2809,QQ33A,2P,Queens and Treys
2810,QQ33K,2P,Queens and Treys
2811,QQ33J,2P,Queens and Treys
2812,QQ33T,2P,Queens and Treys
2813,QQ339,2P,Queens and Treys
2814,QQ338,2P,Queens and Treys
2815,QQ337,2P,Queens and Treys
2816,QQ336,2P,Queens and Treys
2817,QQ335,2P,Queens and Treys
2818,QQ334,2P,Queens and Treys
2819,QQ332,2P,Queens and Treys
2820,QQ22A,2P,Queens and Deuces
2821,QQ22K,2P,Queens and Deuces
2822,QQ22J,2P,Queens and Deuces
2823,QQ22T,2P,Queens and Deuces
2824,QQ229,2P,Queens and Deuces
2825,QQ228,2P,Queens and Deuces
2826,QQ227,2P,Queens and Deuces
2827,QQ226,2P,Queens and Deuces
2828,QQ225,2P,Queens and Deuces
2829,QQ224,2P,Queens and Deuces
2830,QQ223,2P,Queens and Deuces
2831,JJTTA,2P,Jacks and Tens
2832,JJTTK,2P,Jacks and Tens
2833,JJTTQ,2P,Jacks and Tens
2834,JJTT9,2P,Jacks and Tens
2835,JJTT8,2P,Jacks and Tens
2836,JJTT7,2P,Jacks and Tens
2837,JJTT6,2P,Jacks and Tens
2838,JJTT5,2P,Jacks and Tens
2839,JJTT4,2P,Jacks and Tens
2840,JJTT3,2P,Jacks and Tens
2841,JJTT2,2P,Jacks and Tens
2842,JJ99A,2P,Jacks and Nines
2843,JJ99K,2P,Jacks and Nines
2844,JJ99Q,2P,Jacks and Nines
2845,JJ99T,2P,Jacks and Nines
2846,JJ998,2P,Jacks and Nines
2847,JJ997,2P,Jacks and Nines
2848,JJ996,2P,Jacks and Nines
2849,JJ995,2P,Jacks and Nines
2850,JJ994,2P,Jacks and Nines
2851,JJ993,2P,Jacks and Nines
2852,JJ992,2P,Jacks and Nines
2853,JJ88A,2P,Jacks and Eights
2854,JJ88K,2P,Jacks and Eights
2855,JJ88Q,2P,Jacks and Eights
2856,JJ88T,2P,Jacks and Eights
2857,JJ889,2P,Jacks and Eights
2858,JJ887,2P,Jacks and Eights
2859,JJ886,2P,Jacks and Eights
2860,JJ885,2P,Jacks and Eights
2861,JJ884,2P,Jacks and Eights
2862,JJ883,2P,Jacks and Eights
2863,JJ882,2P,Jacks and Eights
2864,JJ77A,2P,Jacks and Sevens
2865,JJ77K,2P,Jacks and Sevens
2866,JJ77Q,2P,Jacks and Sevens
2867,JJ77T,2P,Jacks and Sevens
2868,JJ779,2P,Jacks and Sevens
2869,JJ778,2P,Jacks and Sevens
2870,JJ776,2P,Jacks and Sevens
2871,JJ775,2P,Jacks and Sevens
2872,JJ774,2P,Jacks and Sevens
2873,JJ773,2P,Jacks and Sevens
2874,JJ772,2P,Jacks and Sevens
2875,JJ66A,2P,Jacks and Sixes
2876,JJ66K,2P,Jacks and Sixes
2877,JJ66Q,2P,Jacks and Sixes
2878,JJ66T,2P,Jacks and Sixes
2879,JJ669,2P,Jacks and Sixes
2880,JJ668,2P,Jacks and Sixes
2881,JJ667,2P,Jacks and Sixes
2882,JJ665,2P,Jacks and Sixes
2883,JJ664,2P,Jacks and Sixes
2884,JJ663,2P,Jacks and Sixes
2885,JJ662,2P,Jacks and Sixes
2886,JJ55A,2P,Jacks and Fives
2887,JJ55K,2P,Jacks and Fives
2888,JJ55Q,2P,Jacks and Fives
2889,JJ55T,2P,Jacks and Fives
2890,JJ559,2P,Jacks and Fives
2891,JJ558,2P,Jacks and Fives
2892,JJ557,2P,Jacks and Fives
2893,JJ556,2P,Jacks and Fives
2894,JJ554,2P,Jacks and Fives
2895,JJ553,2P,Jacks and Fives
2896,JJ552,2P,Jacks and Fives
2897,JJ44A,2P,Jacks and Fours
2898,JJ44K,2P,Jacks and Fours
2899,JJ44Q,2P,Jacks and Fours
2900,JJ44T,2P,Jacks and Fours
2901,JJ449,2P,Jacks and Fours
2902,JJ448,2P,Jacks and Fours
2903,JJ447,2P,Jacks and Fours
2904,JJ446,2P,Jacks and Fours
2905,JJ445,2P,Jacks and Fours
2906,JJ443,2P,Jacks and Fours
2907,JJ442,2P,Jacks and Fours
2908,JJ33A,2P,Jacks and Treys
2909,JJ33K,2P,Jacks and Treys
2910,JJ33Q,2P,Jacks and Treys
2911,JJ33T,2P,Jacks and Treys
2912,JJ339,2P,Jacks and Treys
2913,JJ338,2P,Jacks and Treys
2914,JJ337,2P,Jacks and Treys
2915,JJ336,2P,Jacks and Treys
2916,JJ335,2P,Jacks and Treys
2917,JJ334,2P,Jacks and Treys
2918,JJ332,2P,Jacks and Treys
2919,JJ22A,2P,Jacks and Deuces
2920,JJ22K,2P,Jacks and Deuces
2921,JJ22Q,2P,Jacks and Deuces
2922,JJ22T,2P,Jacks and Deuces
2923,JJ229,2P,Jacks and Deuces
2924,JJ228,2P,Jacks and Deuces
2925,JJ227,2P,Jacks and Deuces
2926,JJ226,2P,Jacks and Deuces
2927,JJ225,2P,Jacks and Deuces
2928,JJ224,2P,Jacks and Deuces
2929,JJ223,2P,Jacks and Deuces
2930,TT99A,2P,Tens and Nines
2931,TT99K,2P,Tens and Nines
2932,TT99Q,2P,Tens and Nines
2933,TT99J,2P,Tens and Nines
2934,TT998,2P,Tens and Nines
2935,TT997,2P,Tens and Nines
2936,TT996,2P,Tens and Nines
2937,TT995,2P,Tens and Nines
2938,TT994,2P,Tens and Nines
2939,TT993,2P,Tens and Nines
2940,TT992,2P,Tens and Nines
2941,TT88A,2P,Tens and Eights
2942,TT88K,2P,Tens and Eights
2943,TT88Q,2P,Tens and Eights
2944,TT88J,2P,Tens and Eights
2945,TT889,2P,Tens and Eights
2946,TT887,2P,Tens and Eights
2947,TT886,2P,Tens and Eights
2948,TT885,2P,Tens and Eights
2949,TT884,2P,Tens and Eights
2950,TT883,2P,Tens and Eights
2951,TT882,2P,Tens and Eights
2952,TT77A,2P,Tens and Sevens
2953,TT77K,2P,Tens and Sevens
2954,TT77Q,2P,Tens and Sevens
2955,TT77J,2P,Tens and Sevens
2956,TT779,2P,Tens and Sevens
2957,TT778,2P,Tens and Sevens
2958,TT776,2P,Tens and Sevens
2959,TT775,2P,Tens and Sevens
2960,TT774,2P,Tens and Sevens
2961,TT773,2P,Tens and Sevens
2962,TT772,2P,Tens and Sevens
2963,TT66A,2P,Tens and Sixes
2964,TT66K,2P,Tens and Sixes
2965,TT66Q,2P,Tens and Sixes
2966,TT66J,2P,Tens and Sixes
2967,TT669,2P,Tens and Sixes
2968,TT668,2P,Tens and Sixes
2969,TT667,2P,Tens and Sixes
2970,TT665,2P,Tens and Sixes
2971,TT664,2P,Tens and Sixes
2972,TT663,2P,Tens and Sixes
2973,TT662,2P,Tens and Sixes
2974,TT55A,2P,Tens and Fives
2975,TT55K,2P,Tens and Fives
2976,TT55Q,2P,Tens and Fives
2977,TT55J,2P,Tens and Fives
2978,TT559,2P,Tens and Fives
2979,TT558,2P,Tens and Fives
2980,TT557,2P,Tens and Fives
2981,TT556,2P,Tens and Fives
2982,TT554,2P,Tens and Fives
2983,TT553,2P,Tens and Fives
2984,TT552,2P,Tens and Fives
2985,TT44A,2P,Tens and Fours
2986,TT44K,2P,Tens and Fours
2987,TT44Q,2P,Tens and Fours
2988,TT44J,2P,Tens and Fours
2989,TT449,2P,Tens and Fours
2990,TT448,2P,Tens and Fours
2991,TT447,2P,Tens and Fours
2992,TT446,2P,Tens and Fours
2993,TT445,2P,Tens and Fours
2994,TT443,2P,Tens and Fours
2995,TT442,2P,Tens and Fours
2996,TT33A,2P,Tens and Treys
2997,TT33K,2P,Tens and Treys
2998,TT33Q,2P,Tens and Treys
2999,TT33J,2P,Tens and Treys
3000,TT339,2P,Tens and Treys
3001,TT338,2P,Tens and Treys
3002,TT337,2P,Tens and Treys
3003,TT336,2P,Tens and Treys
3004,TT335,2P,Tens and Treys
3005,TT334,2P,Tens and Treys
3006,TT332,2P,Tens and Treys
3007,TT22A,2P,Tens and Deuces
3008,TT22K,2P,Tens and Deuces
3009,TT22Q,2P,Tens and Deuces
3010,TT22J,2P,Tens and Deuces
3011,TT229,2P,Tens and Deuces
3012,TT228,2P,Tens and Deuces
3013,TT227,2P,Tens and Deuces
3014,TT226,2P,Tens and Deuces
3015,TT225,2P,Tens and Deuces
3016,TT224,2P,Tens and Deuces
3017,TT223,2P,Tens and Deuces
3018,9988A,2P,Nines and Eights
3019,9988K,2P,Nines and Eights
3020,9988Q,2P,Nines and Eights
3021,9988J,2P,Nines and Eights
3022,9988T,2P,Nines and Eights
3023,99887,2P,Nines and Eights
3024,99886,2P,Nines and Eights
3025,99885,2P,Nines and Eights
3026,99884,2P,Nines and Eights
3027,99883,2P,Nines and Eights
3028,99882,2P,Nines and Eights
3029,9977A,2P,Nines and Sevens
3030,9977K,2P,Nines and Sevens
3031,9977Q,2P,Nines and Sevens
3032,9977J,2P,Nines and Sevens
3033,9977T,2P,Nines and Sevens
3034,99778,2P,Nines and Sevens
3035,99776,2P,Nines and Sevens
3036,99775,2P,Nines and Sevens
3037,99774,2P,Nines and Sevens
3038,99773,2P,Nines and Sevens
3039,99772,2P,Nines and Sevens
3040,9966A,2P,Nines and Sixes
3041,9966K,2P,Nines and Sixes
3042,9966Q,2P,Nines and Sixes
3043,9966J,2P,Nines and Sixes
3044,9966T,2P,Nines and Sixes
3045,99668,2P,Nines and Sixes
3046,99667,2P,Nines and Sixes
3047,99665,2P,Nines and Sixes
3048,99664,2P,Nines and Sixes
3049,99663,2P,Nines and Sixes
3050,99662,2P,Nines and Sixes
3051,9955A,2P,Nines and Fives
3052,9955K,2P,Nines and Fives
3053,9955Q,2P,Nines and Fives
3054,9955J,2P,Nines and Fives
3055,9955T,2P,Nines and Fives
3056,99558,2P,Nines and Fives
3057,99557,2P,Nines and Fives
3058,99556,2P,Nines and Fives
3059,99554,2P,Nines and Fives
3060,99553,2P,Nines and Fives
3061,99552,2P,Nines and Fives
3062,9944A,2P,Nines and Fours
3063,9944K,2P,Nines and Fours
3064,9944Q,2P,Nines and Fours
3065,9944J,2P,Nines and Fours
3066,9944T,2P,Nines and Fours
3067,99448,2P,Nines and Fours
3068,99447,2P,Nines and Fours
3069,99446,2P,Nines and Fours
3070,99445,2P,Nines and Fours
3071,99443,2P,Nines and Fours
3072,99442,2P,Nines and Fours
3073,9933A,2P,Nines and Treys
3074,9933K,2P,Nines and Treys
3075,9933Q,2P,Nines and Treys
3076,9933J,2P,Nines and Treys
3077,9933T,2P,Nines and Treys
3078,99338,2P,Nines and Treys
3079,99337,2P,Nines and Treys
3080,99336,2P,Nines and Treys
3081,99335,2P,Nines and Treys
3082,99334,2P,Nines and Treys
3083,99332,2P,Nines and Treys
3084,9922A,2P,Nines and Deuces
3085,9922K,2P,Nines and Deuces
3086,9922Q,2P,Nines and Deuces
3087,9922J,2P,Nines and Deuces
3088,9922T,2P,Nines and Deuces
3089,99228,2P,Nines and Deuces
3090,99227,2P,Nines and Deuces
3091,99226,2P,Nines and Deuces
3092,99225,2P,Nines and Deuces
3093,99224,2P,Nines and Deuces
3094,99223,2P,Nines and Deuces
3095,8877A,2P,Eights and Sevens
3096,8877K,2P,Eights and Sevens
3097,8877Q,2P,Eights and Sevens
3098,8877J,2P,Eights and Sevens
3099,8877T,2P,Eights and Sevens
3100,88779,2P,Eights and Sevens
3101,88776,2P,Eights and Sevens
3102,88775,2P,Eights and Sevens
3103,88774,2P,Eights and Sevens
3104,88773,2P,Eights and Sevens
3105,88772,2P,Eights and Sevens
3106,8866A,2P,Eights and Sixes
3107,8866K,2P,Eights and Sixes
3108,8866Q,2P,Eights and Sixes
3109,8866J,2P,Eights and Sixes
3110,8866T,2P,Eights and Sixes
3111,88669,2P,Eights and Sixes
3112,88667,2P,Eights and Sixes
3113,88665,2P,Eights and Sixes
3114,88664,2P,Eights and Sixes
3115,88663,2P,Eights and Sixes
3116,88662,2P,Eights and Sixes
3117,8855A,2P,Eights and Fives
3118,8855K,2P,Eights and Fives
3119,8855Q,2P,Eights and Fives
3120,8855J,2P,Eights and Fives
3121,8855T,2P,Eights and Fives
3122,88559,2P,Eights and Fives
3123,88557,2P,Eights and Fives
3124,88556,2P,Eights and Fives
3125,88554,2P,Eights and Fives
3126,88553,2P,Eights and Fives
3127,88552,2P,Eights and Fives
3128,8844A,2P,Eights and Fours
3129,8844K,2P,Eights and Fours
3130,8844Q,2P,Eights and Fours
3131,8844J,2P,Eights and Fours
3132,8844T,2P,Eights and Fours
3133,88449,2P,Eights and Fours
3134,88447,2P,Eights and Fours
3135,88446,2P,Eights and Fours
3136,88445,2P,Eights and Fours
3137,88443,2P,Eights and Fours
3138,88442,2P,Eights and Fours
3139,8833A,2P,Eights and Treys
3140,8833K,2P,Eights and Treys
3141,8833Q,2P,Eights and Treys
3142,8833J,2P,Eights and Treys
3143,8833T,2P,Eights and Treys
3144,88339,2P,Eights and Treys
3145,88337,2P,Eights and Treys
3146,88336,2P,Eights and Treys
3147,88335,2P,Eights and Treys
3148,88334,2P,Eights and Treys
3149,88332,2P,Eights and Treys
3150,8822A,2P,Eights and Deuces
3151,8822K,2P,Eights and Deuces
3152,8822Q,2P,Eights and Deuces
3153,8822J,2P,Eights and Deuces
3154,8822T,2P,Eights and Deuces
3155,88229,2P,Eights and Deuces
3156,88227,2P,Eights and Deuces
3157,88226,2P,Eights and Deuces
3158,88225,2P,Eights and Deuces
3159,88224,2P,Eights and Deuces
3160,88223,2P,Eights and Deuces
3161,7766A,2P,Sevens and Sixes
3162,7766K,2P,Sevens and Sixes
3163,7766Q,2P,Sevens and Sixes
3164,7766J,2P,Sevens and Sixes
3165,7766T,2P,Sevens and Sixes
3166,77669,2P,Sevens and Sixes
3167,77668,2P,Sevens and Sixes
3168,77665,2P,Sevens and Sixes
3169,77664,2P,Sevens and Sixes
3170,77663,2P,Sevens and Sixes
3171,77662,2P,Sevens and Sixes
3172,7755A,2P,Sevens and Fives
3173,7755K,2P,Sevens and Fives
3174,7755Q,2P,Sevens and Fives
3175,7755J,2P,Sevens and Fives
3176,7755T,2P,Sevens and Fives
3177,77559,2P,Sevens and Fives
3178,77558,2P,Sevens and Fives
3179,77556,2P,Sevens and Fives
3180,77554,2P,Sevens and Fives
3181,77553,2P,Sevens and Fives
3182,77552,2P,Sevens and Fives
3183,7744A,2P,Sevens and Fours
3184,7744K,2P,Sevens and Fours
3185,7744Q,2P,Sevens and Fours
3186,7744J,2P,Sevens and Fours
3187,7744T,2P,Sevens and Fours
3188,77449,2P,Sevens and Fours
3189,77448,2P,Sevens and Fours
3190,77446,2P,Sevens and Fours
3191,77445,2P,Sevens and Fours
3192,77443,2P,Sevens and Fours
3193,77442,2P,Sevens and Fours
3194,7733A,2P,Sevens and Treys
3195,7733K,2P,Sevens and Treys
3196,7733Q,2P,Sevens and Treys
3197,7733J,2P,Sevens and Treys
3198,7733T,2P,Sevens and Treys
3199,77339,2P,Sevens and Treys
3200,77338,2P,Sevens and Treys
3201,77336,2P,Sevens and Treys
3202,77335,2P,Sevens and Treys
3203,77334,2P,Sevens and Treys
3204,77332,2P,Sevens and Treys
3205,7722A,2P,Sevens and Deuces
3206,7722K,2P,Sevens and Deuces
3207,7722Q,2P,Sevens and Deuces
3208,7722J,2P,Sevens and Deuces
3209,7722T,2P,Sevens and Deuces
3210,77229,2P,Sevens and Deuces
3211,77228,2P,Sevens and Deuces
3212,77226,2P,Sevens and Deuces
3213,77225,2P,Sevens and Deuces
3214,77224,2P,Sevens and Deuces
3215,77223,2P,Sevens and Deuces
3216,6655A,2P,Sixes and Fives
3217,6655K,2P,Sixes and Fives
3218,6655Q,2P,Sixes and Fives
3219,6655J,2P,Sixes and Fives
3220,6655T,2P,Sixes and Fives
3221,66559,2P,Sixes and Fives
3222,66558,2P,Sixes and Fives
3223,66557,2P,Sixes and Fives
3224,66554,2P,Sixes and Fives
3225,66553,2P,Sixes and Fives
3226,66552,2P,Sixes and Fives
3227,6644A,2P,Sixes and Fours
3228,6644K,2P,Sixes and Fours
3229,6644Q,2P,Sixes and Fours
3230,6644J,2P,Sixes and Fours
3231,6644T,2P,Sixes and Fours
3232,66449,2P,Sixes and Fours
3233,66448,2P,Sixes and Fours
3234,66447,2P,Sixes and Fours
3235,66445,2P,Sixes and Fours
3236,66443,2P,Sixes and Fours
3237,66442,2P,Sixes and Fours
3238,6633A,2P,Sixes and Treys
3239,6633K,2P,Sixes and Treys
3240,6633Q,2P,Sixes and Treys
3241,6633J,2P,Sixes and Treys
3242,6633T,2P,Sixes and Treys
3243,66339,2P,Sixes and Treys
3244,66338,2P,Sixes and Treys
3245,66337,2P,Sixes and Treys
3246,66335,2P,Sixes and Treys
3247,66334,2P,Sixes and Treys
3248,66332,2P,Sixes and Treys
3249,6622A,2P,Sixes and Deuces
3250,6622K,2P,Sixes and Deuces
3251,6622Q,2P,Sixes and Deuces
3252,6622J,2P,Sixes and Deuces
3253,6622T,2P,Sixes and Deuces
3254,66229,2P,Sixes and Deuces
3255,66228,2P,Sixes and Deuces
3256,66227,2P,Sixes and Deuces
3257,66225,2P,Sixes and Deuces
3258,66224,2P,Sixes and Deuces
3259,66223,2P,Sixes and Deuces
3260,5544A,2P,Fives and Fours
3261,5544K,2P,Fives and Fours
3262,5544Q,2P,Fives and Fours
3263,5544J,2P,Fives and Fours
3264,5544T,2P,Fives and Fours
3265,55449,2P,Fives and Fours
3266,55448,2P,Fives and Fours
3267,55447,2P,Fives and Fours
3268,55446,2P,Fives and Fours
3269,55443,2P,Fives and Fours
3270,55442,2P,Fives and Fours
3271,5533A,2P,Fives and Treys
3272,5533K,2P,Fives and Treys
3273,5533Q,2P,Fives and Treys
3274,5533J,2P,Fives and Treys
3275,5533T,2P,Fives and Treys
3276,55339,2P,Fives and Treys
3277,55338,2P,Fives and Treys
3278,55337,2P,Fives and Treys
3279,55336,2P,Fives and Treys
3280,55334,2P,Fives and Treys
3281,55332,2P,Fives and Treys
3282,5522A,2P,Fives and Deuces
3283,5522K,2P,Fives and Deuces
3284,5522Q,2P,Fives and Deuces
3285,5522J,2P,Fives and Deuces
3286,5522T,2P,Fives and Deuces
3287,55229,2P,Fives and Deuces
3288,55228,2P,Fives and Deuces
3289,55227,2P,Fives and Deuces
3290,55226,2P,Fives and Deuces
3291,55224,2P,Fives and Deuces
3292,55223,2P,Fives and Deuces
3293,4433A,2P,Fours and Treys
3294,4433K,2P,Fours and Treys
3295,4433Q,2P,Fours and Treys
3296,4433J,2P,Fours and Treys
3297,4433T,2P,Fours and Treys
3298,44339,2P,Fours and Treys
3299,44338,2P,Fours and Treys
3300,44337,2P,Fours and Treys
3301,44336,2P,Fours and Treys
3302,44335,2P,Fours and Treys
3303,44332,2P,Fours and Treys
3304,4422A,2P,Fours and Deuces
3305,4422K,2P,Fours and Deuces
3306,4422Q,2P,Fours and Deuces
3307,4422J,2P,Fours and Deuces
3308,4422T,2P,Fours and Deuces
3309,44229,2P,Fours and Deuces
3310,44228,2P,Fours and Deuces
3311,44227,2P,Fours and Deuces
3312,44226,2P,Fours and Deuces
3313,44225,2P,Fours and Deuces
3314,44223,2P,Fours and Deuces
3315,3322A,2P,Treys and Deuces
3316,3322K,2P,Treys and Deuces
3317,3322Q,2P,Treys and Deuces
3318,3322J,2P,Treys and Deuces
3319,3322T,2P,Treys and Deuces
3320,33229,2P,Treys and Deuces
3321,33228,2P,Treys and Deuces
3322,33227,2P,Treys and Deuces
3323,33226,2P,Treys and Deuces
3324,33225,2P,Treys and Deuces
3325,33224,2P,Treys and Deuces
3326,AAKQJ,1P,Pair of Aces
3327,AAKQT,1P,Pair of Aces
3328,AAKQ9,1P,Pair of Aces
3329,AAKQ8,1P,Pair of Aces
3330,AAKQ7,1P,Pair of Aces
3331,AAKQ6,1P,Pair of Aces
3332,AAKQ5,1P,Pair of Aces
3333,AAKQ4,1P,Pair of Aces
3334,AAKQ3,1P,Pair of Aces
3335,AAKQ2,1P,Pair of Aces
3336,AAKJT,1P,Pair of Aces
3337,AAKJ9,1P,Pair of Aces
3338,AAKJ8,1P,Pair of Aces
3339,AAKJ7,1P,Pair of Aces
3340,AAKJ6,1P,Pair of Aces
3341,AAKJ5,1P,Pair of Aces
3342,AAKJ4,1P,Pair of Aces
3343,AAKJ3,1P,Pair of Aces
3344,AAKJ2,1P,Pair of Aces
3345,AAKT9,1P,Pair of Aces
3346,AAKT8,1P,Pair of Aces
3347,AAKT7,1P,Pair of Aces
3348,AAKT6,1P,Pair of Aces
3349,AAKT5,1P,Pair of Aces
3350,AAKT4,1P,Pair of Aces
3351,AAKT3,1P,Pair of Aces
3352,AAKT2,1P,Pair of Aces
3353,AAK98,1P,Pair of Aces
3354,AAK97,1P,Pair of Aces
3355,AAK96,1P,Pair of Aces
3356,AAK95,1P,Pair of Aces
3357,AAK94,1P,Pair of Aces
3358,AAK93,1P,Pair of Aces
3359,AAK92,1P,Pair of Aces
3360,AAK87,1P,Pair of Aces
3361,AAK86,1P,Pair of Aces
3362,AAK85,1P,Pair of Aces
3363,AAK84,1P,Pair of Aces
3364,AAK83,1P,Pair of Aces
3365,AAK82,1P,Pair of Aces
3366,AAK76,1P,Pair of Aces
3367,AAK75,1P,Pair of Aces
3368,AAK74,1P,Pair of Aces
3369,AAK73,1P,Pair of Aces
3370,AAK72,1P,Pair of Aces
3371,AAK65,1P,Pair of Aces
3372,AAK64,1P,Pair of Aces
3373,AAK63,1P,Pair of Aces
3374,AAK62,1P,Pair of Aces
3375,AAK54,1P,Pair of Aces
3376,AAK53,1P,Pair of Aces
3377,AAK52,1P,Pair of Aces
3378,AAK43,1P,Pair of Aces
3379,AAK42,1P,Pair of Aces
3380,AAK32,1P,Pair of Aces
3381,AAQJT,1P,Pair of Aces
3382,AAQJ9,1P,Pair of Aces
3383,AAQJ8,1P,Pair of Aces
3384,AAQJ7,1P,Pair of Aces
3385,AAQJ6,1P,Pair of Aces
3386,AAQJ5,1P,Pair of Aces
3387,AAQJ4,1P,Pair of Aces
3388,AAQJ3,1P,Pair of Aces
3389,AAQJ2,1P,Pair of Aces
3390,AAQT9,1P,Pair of Aces
3391,AAQT8,1P,Pair of Aces
3392,AAQT7,1P,Pair of Aces
3393,AAQT6,1P,Pair of Aces
3394,AAQT5,1P,Pair of Aces
3395,AAQT4,1P,Pair of Aces
3396,AAQT3,1P,Pair of Aces
3397,AAQT2,1P,Pair of Aces
3398,AAQ98,1P,Pair of Aces
3399,AAQ97,1P,Pair of Aces
3400,AAQ96,1P,Pair of Aces
3401,AAQ95,1P,Pair of Aces
3402,AAQ94,1P,Pair of Aces
3403,AAQ93,1P,Pair of Aces
3404,AAQ92,1P,Pair of Aces
3405,AAQ87,1P,Pair of Aces
3406,AAQ86,1P,Pair of Aces
3407,AAQ85,1P,Pair of Aces
3408,AAQ84,1P,Pair of Aces
3409,AAQ83,1P,Pair of Aces
3410,AAQ82,1P,Pair of Aces
3411,AAQ76,1P,Pair of Aces
3412,AAQ75,1P,Pair of Aces
3413,AAQ74,1P,Pair of Aces
3414,AAQ73,1P,Pair of Aces
3415,AAQ72,1P,Pair of Aces
3416,AAQ65,1P,Pair of Aces
3417,AAQ64,1P,Pair of Aces
3418,AAQ63,1P,Pair of Aces
3419,AAQ62,1P,Pair of Aces
3420,AAQ54,1P,Pair of Aces
3421,AAQ53,1P,Pair of Aces
3422,AAQ52,1P,Pair of Aces
3423,AAQ43,1P,Pair of Aces
3424,AAQ42,1P,Pair of Aces
3425,AAQ32,1P,Pair of Aces
3426,AAJT9,1P,Pair of Aces
3427,AAJT8,1P,Pair of Aces
3428,AAJT7,1P,Pair of Aces
3429,AAJT6,1P,Pair of Aces
3430,AAJT5,1P,Pair of Aces
3431,AAJT4,1P,Pair of Aces
3432,AAJT3,1P,Pair of Aces
3433,AAJT2,1P,Pair of Aces
3434,AAJ98,1P,Pair of Aces
3435,AAJ97,1P,Pair of Aces
3436,AAJ96,1P,Pair of Aces
3437,AAJ95,1P,Pair of Aces
3438,AAJ94,1P,Pair of Aces
3439,AAJ93,1P,Pair of Aces
3440,AAJ92,1P,Pair of Aces
3441,AAJ87,1P,Pair of Aces
3442,AAJ86,1P,Pair of Aces
3443,AAJ85,1P,Pair of Aces
3444,AAJ84,1P,Pair of Aces
3445,AAJ83,1P,Pair of Aces
3446,AAJ82,1P,Pair of Aces
3447,AAJ76,1P,Pair of Aces
3448,AAJ75,1P,Pair of Aces
3449,AAJ74,1P,Pair of Aces
3450,AAJ73,1P,Pair of Aces
3451,AAJ72,1P,Pair of Aces
3452,AAJ65,1P,Pair of Aces
3453,AAJ64,1P,Pair of Aces
3454,AAJ63,1P,Pair of Aces
3455,AAJ62,1P,Pair of Aces
3456,AAJ54,1P,Pair of Aces
3457,AAJ53,1P,Pair of Aces
3458,AAJ52,1P,Pair of Aces
3459,AAJ43,1P,Pair of Aces
3460,AAJ42,1P,Pair of Aces
3461,AAJ32,1P,Pair of Aces
3462,AAT98,1P,Pair of Aces
3463,AAT97,1P,Pair of Aces
3464,AAT96,1P,Pair of Aces
3465,AAT95,1P,Pair of Aces
3466,AAT94,1P,Pair of Aces
3467,AAT93,1P,Pair of Aces
3468,AAT92,1P,Pair of Aces
3469,AAT87,1P,Pair of Aces
3470,AAT86,1P,Pair of Aces
3471,AAT85,1P,Pair of Aces
3472,AAT84,1P,Pair of Aces
3473,AAT83,1P,Pair of Aces
3474,AAT82,1P,Pair of Aces
3475,AAT76,1P,Pair of Aces
3476,AAT75,1P,Pair of Aces
3477,AAT74,1P,Pair of Aces
3478,AAT73,1P,Pair of Aces
3479,AAT72,1P,Pair of Aces
3480,AAT65,1P,Pair of Aces
3481,AAT64,1P,Pair of Aces
3482,AAT63,1P,Pair of Aces
3483,AAT62,1P,Pair of Aces
3484,AAT54,1P,Pair of Aces
3485,AAT53,1P,Pair of Aces
3486,AAT52,1P,Pair of Aces
3487,AAT43,1P,Pair of Aces
3488,AAT42,1P,Pair of Aces
3489,AAT32,1P,Pair of Aces
3490,AA987,1P,Pair of Aces
3491,AA986,1P,Pair of Aces
3492,AA985,1P,Pair of Aces
3493,AA984,1P,Pair of Aces
3494,AA983,1P,Pair of Aces
3495,AA982,1P,Pair of Aces
3496,AA976,1P,Pair of Aces
3497,AA975,1P,Pair of Aces
3498,AA974,1P,Pair of Aces
3499,AA973,1P,Pair of Aces
3500,AA972,1P,Pair of Aces
3501,AA965,1P,Pair of Aces
3502,AA964,1P,Pair of Aces
3503,AA963,1P,Pair of Aces
3504,AA962,1P,Pair of Aces
3505,AA954,1P,Pair of Aces
3506,AA953,1P,Pair of Aces
3507,AA952,1P,Pair of Aces
3508,AA943,1P,Pair of Aces
3509,AA942,1P,Pair of Aces
3510,AA932,1P,Pair of Aces
3511,AA876,1P,Pair of Aces
3512,AA875,1P,Pair of Aces
3513,AA874,1P,Pair of Aces
3514,AA873,1P,Pair of Aces
3515,AA872,1P,Pair of Aces
3516,AA865,1P,Pair of Aces
3517,AA864,1P,Pair of Aces
3518,AA863,1P,Pair of Aces
3519,AA862,1P,Pair of Aces
3520,AA854,1P,Pair of Aces
3521,AA853,1P,Pair of Aces
3522,AA852,1P,Pair of Aces
3523,AA843,1P,Pair of Aces
3524,AA842,1P,Pair of Aces
3525,AA832,1P,Pair of Aces
3526,AA765,1P,Pair of Aces
3527,AA764,1P,Pair of Aces
3528,AA763,1P,Pair of Aces
3529,AA762,1P,Pair of Aces
3530,AA754,1P,Pair of Aces
3531,AA753,1P,Pair of Aces
3532,AA752,1P,Pair of Aces
3533,AA743,1P,Pair of Aces
3534,AA742,1P,Pair of Aces
3535,AA732,1P,Pair of Aces
3536,AA654,1P,Pair of Aces
3537,AA653,1P,Pair of Aces
3538,AA652,1P,Pair of Aces
3539,AA643,1P,Pair of Aces
3540,AA642,1P,Pair of Aces
3541,AA632,1P,Pair of Aces
3542,AA543,1P,Pair of Aces
3543,AA542,1P,Pair of Aces
3544,AA532,1P,Pair of Aces
3545,AA432,1P,Pair of Aces
3546,KKAQJ,1P,Pair of Kings
3547,KKAQT,1P,Pair of Kings
3548,KKAQ9,1P,Pair of Kings
3549,KKAQ8,1P,Pair of Kings
3550,KKAQ7,1P,Pair of Kings
3551,KKAQ6,1P,Pair of Kings
3552,KKAQ5,1P,Pair of Kings
3553,KKAQ4,1P,Pair of Kings
3554,KKAQ3,1P,Pair of Kings
3555,KKAQ2,1P,Pair of Kings
3556,KKAJT,1P,Pair of Kings
3557,KKAJ9,1P,Pair of Kings
3558,KKAJ8,1P,Pair of Kings
3559,KKAJ7,1P,Pair of Kings
3560,KKAJ6,1P,Pair of Kings
3561,KKAJ5,1P,Pair of Kings
3562,KKAJ4,1P,Pair of Kings
3563,KKAJ3,1P,Pair of Kings
3564,KKAJ2,1P,Pair of Kings
3565,KKAT9,1P,Pair of Kings
3566,KKAT8,1P,Pair of Kings
3567,KKAT7,1P,Pair of Kings
3568,KKAT6,1P,Pair of Kings
3569,KKAT5,1P,Pair of Kings
3570,KKAT4,1P,Pair of Kings
3571,KKAT3,1P,Pair of Kings
3572,KKAT2,1P,Pair of Kings
3573,KKA98,1P,Pair of Kings
3574,KKA97,1P,Pair of Kings
3575,KKA96,1P,Pair of Kings
3576,KKA95,1P,Pair of Kings
3577,KKA94,1P,Pair of Kings
3578,KKA93,1P,Pair of Kings
3579,KKA92,1P,Pair of Kings
3580,KKA87,1P,Pair of Kings
3581,KKA86,1P,Pair of Kings
3582,KKA85,1P,Pair of Kings
3583,KKA84,1P,Pair of Kings
3584,KKA83,1P,Pair of Kings
3585,KKA82,1P,Pair of Kings
3586,KKA76,1P,Pair of Kings
3587,KKA75,1P,Pair of Kings
3588,KKA74,1P,Pair of Kings
3589,KKA73,1P,Pair of Kings
3590,KKA72,1P,Pair of Kings
3591,KKA65,1P,Pair of Kings
3592,KKA64,1P,Pair of Kings
3593,KKA63,1P,Pair of Kings
3594,KKA62,1P,Pair of Kings
3595,KKA54,1P,Pair of Kings
3596,KKA53,1P,Pair of Kings
3597,KKA52,1P,Pair of Kings
3598,KKA43,1P,Pair of Kings
3599,KKA42,1P,Pair of Kings
3600,KKA32,1P,Pair of Kings
3601,KKQJT,1P,Pair of Kings
3602,KKQJ9,1P,Pair of Kings
3603,KKQJ8,1P,Pair of Kings
3604,KKQJ7,1P,Pair of Kings
3605,KKQJ6,1P,Pair of Kings
3606,KKQJ5,1P,Pair of Kings
3607,KKQJ4,1P,Pair of Kings
3608,KKQJ3,1P,Pair of Kings
3609,KKQJ2,1P,Pair of Kings
3610,KKQT9,1P,Pair of Kings
3611,KKQT8,1P,Pair of Kings
3612,KKQT7,1P,Pair of Kings
3613,KKQT6,1P,Pair of Kings
3614,KKQT5,1P,Pair of Kings
3615,KKQT4,1P,Pair of Kings
3616,KKQT3,1P,Pair of Kings
3617,KKQT2,1P,Pair of Kings
3618,KKQ98,1P,Pair of Kings
3619,KKQ97,1P,Pair of Kings
3620,KKQ96,1P,Pair of Kings
3621,KKQ95,1P,Pair of Kings
3622,KKQ94,1P,Pair of Kings
3623,KKQ93,1P,Pair of Kings
3624,KKQ92,1P,Pair of Kings
3625,KKQ87,1P,Pair of Kings
3626,KKQ86,1P,Pair of Kings
3627,KKQ85,1P,Pair of Kings
3628,KKQ84,1P,Pair of Kings
3629,KKQ83,1P,Pair of Kings
3630,KKQ82,1P,Pair of Kings
3631,KKQ76,1P,Pair of Kings
3632,KKQ75,1P,Pair of Kings
3633,KKQ74,1P,Pair of Kings
3634,KKQ73,1P,Pair of Kings
3635,KKQ72,1P,Pair of Kings
3636,KKQ65,1P,Pair of Kings
3637,KKQ64,1P,Pair of Kings
3638,KKQ63,1P,Pair of Kings
3639,KKQ62,1P,Pair of Kings
3640,KKQ54,1P,Pair of Kings
3641,KKQ53,1P,Pair of Kings
3642,KKQ52,1P,Pair of Kings
3643,KKQ43,1P,Pair of Kings
3644,KKQ42,1P,Pair of Kings
3645,KKQ32,1P,Pair of Kings
3646,KKJT9,1P,Pair of Kings
3647,KKJT8,1P,Pair of Kings
3648,KKJT7,1P,Pair of Kings
3649,KKJT6,1P,Pair of Kings
3650,KKJT5,1P,Pair of Kings
3651,KKJT4,1P,Pair of Kings
3652,KKJT3,1P,Pair of Kings
3653,KKJT2,1P,Pair of Kings
3654,KKJ98,1P,Pair of Kings
3655,KKJ97,1P,Pair of Kings
3656,KKJ96,1P,Pair of Kings
3657,KKJ95,1P,Pair of Kings
3658,KKJ94,1P,Pair of Kings
3659,KKJ93,1P,Pair of Kings
3660,KKJ92,1P,Pair of Kings
3661,KKJ87,1P,Pair of Kings
3662,KKJ86,1P,Pair of Kings
3663,KKJ85,1P,Pair of Kings
3664,KKJ84,1P,Pair of Kings
3665,KKJ83,1P,Pair of Kings
3666,KKJ82,1P,Pair of Kings
3667,KKJ76,1P,Pair of Kings
3668,KKJ75,1P,Pair of Kings
3669,KKJ74,1P,Pair of Kings
3670,KKJ73,1P,Pair of Kings
3671,KKJ72,1P,Pair of Kings
3672,KKJ65,1P,Pair of Kings
3673,KKJ64,1P,Pair of Kings
3674,KKJ63,1P,Pair of Kings
3675,KKJ62,1P,Pair of Kings
3676,KKJ54,1P,Pair of Kings
3677,KKJ53,1P,Pair of Kings
3678,KKJ52,1P,Pair of Kings
3679,KKJ43,1P,Pair of Kings
3680,KKJ42,1P,Pair of Kings
3681,KKJ32,1P,Pair of Kings
3682,KKT98,1P,Pair of Kings
3683,KKT97,1P,Pair of Kings
3684,KKT96,1P,Pair of Kings
3685,KKT95,1P,Pair of Kings
3686,KKT94,1P,Pair of Kings
3687,KKT93,1P,Pair of Kings
3688,KKT92,1P,Pair of Kings
3689,KKT87,1P,Pair of Kings
3690,KKT86,1P,Pair of Kings
3691,KKT85,1P,Pair of Kings
3692,KKT84,1P,Pair of Kings
3693,KKT83,1P,Pair of Kings
3694,KKT82,1P,Pair of Kings
3695,KKT76,1P,Pair of Kings
3696,KKT75,1P,Pair of Kings
3697,KKT74,1P,Pair of Kings
3698,KKT73,1P,Pair of Kings
3699,KKT72,1P,Pair of Kings
3700,KKT65,1P,Pair of Kings
3701,KKT64,1P,Pair of Kings
3702,KKT63,1P,Pair of Kings
3703,KKT62,1P,Pair of Kings
3704,KKT54,1P,Pair of Kings
3705,KKT53,1P,Pair of Kings
3706,KKT52,1P,Pair of Kings
3707,KKT43,1P,Pair of Kings
3708,KKT42,1P,Pair of Kings
3709,KKT32,1P,Pair of Kings
3710,KK987,1P,Pair of Kings
3711,KK986,1P,Pair of Kings
3712,KK985,1P,Pair of Kings
3713,KK984,1P,Pair of Kings
3714,KK983,1P,Pair of Kings
3715,KK982,1P,Pair of Kings
3716,KK976,1P,Pair of Kings
3717,KK975,1P,Pair of Kings
3718,KK974,1P,Pair of Kings
3719,KK973,1P,Pair of Kings
3720,KK972,1P,Pair of Kings
3721,KK965,1P,Pair of Kings
3722,KK964,1P,Pair of Kings
3723,KK963,1P,Pair of Kings
3724,KK962,1P,Pair of Kings
3725,KK954,1P,Pair of Kings
3726,KK953,1P,Pair of Kings
3727,KK952,1P,Pair of Kings
3728,KK943,1P,Pair of Kings
3729,KK942,1P,Pair of Kings
3730,KK932,1P,Pair of Kings
3731,KK876,1P,Pair of Kings
3732,KK875,1P,Pair of Kings
3733,KK874,1P,Pair of Kings
3734,KK873,1P,Pair of Kings
3735,KK872,1P,Pair of Kings
3736,KK865,1P,Pair of Kings
3737,KK864,1P,Pair of Kings
3738,KK863,1P,Pair of Kings
3739,KK862,1P,Pair of Kings
3740,KK854,1P,Pair of Kings
3741,KK853,1P,Pair of Kings
3742,KK852,1P,Pair of Kings
3743,KK843,1P,Pair of Kings
3744,KK842,1P,Pair of Kings
3745,KK832,1P,Pair of Kings
3746,KK765,1P,Pair of Kings
3747,KK764,1P,Pair of Kings
3748,KK763,1P,Pair of Kings
3749,KK762,1P,Pair of Kings
3750,KK754,1P,Pair of Kings
3751,KK753,1P,Pair of Kings
3752,KK752,1P,Pair of Kings
3753,KK743,1P,Pair of Kings
3754,KK742,1P,Pair of Kings
3755,KK732,1P,Pair of Kings
3756,KK654,1P,Pair of Kings
3757,KK653,1P,Pair of Kings
3758,KK652,1P,Pair of Kings
3759,KK643,1P,Pair of Kings
3760,KK642,1P,Pair of Kings
3761,KK632,1P,Pair of Kings
3762,KK543,1P,Pair of Kings
3763,KK542,1P,Pair of Kings
3764,KK532,1P,Pair of Kings
3765,KK432,1P,Pair of Kings
3766,QQAKJ,1P,Pair of Queens
3767,QQAKT,1P,Pair of Queens
3768,QQAK9,1P,Pair of Queens
3769,QQAK8,1P,Pair of Queens
3770,QQAK7,1P,Pair of Queens
3771,QQAK6,1P,Pair of Queens
3772,QQAK5,1P,Pair of Queens
3773,QQAK4,1P,Pair of Queens
3774,QQAK3,1P,Pair of Queens
3775,QQAK2,1P,Pair of Queens
3776,QQAJT,1P,Pair of Queens
3777,QQAJ9,1P,Pair of Queens
3778,QQAJ8,1P,Pair of Queens
3779,QQAJ7,1P,Pair of Queens
3780,QQAJ6,1P,Pair of Queens
3781,QQAJ5,1P,Pair of Queens
3782,QQAJ4,1P,Pair of Queens
3783,QQAJ3,1P,Pair of Queens
3784,QQAJ2,1P,Pair of Queens
3785,QQAT9,1P,Pair of Queens
3786,QQAT8,1P,Pair of Queens
3787,QQAT7,1P,Pair of Queens
3788,QQAT6,1P,Pair of Queens
3789,QQAT5,1P,Pair of Queens
3790,QQAT4,1P,Pair of Queens
3791,QQAT3,1P,Pair of Queens
3792,QQAT2,1P,Pair of Queens
3793,QQA98,1P,Pair of Queens
3794,QQA97,1P,Pair of Queens
3795,QQA96,1P,Pair of Queens
3796,QQA95,1P,Pair of Queens
3797,QQA94,1P,Pair of Queens
3798,QQA93,1P,Pair of Queens
3799,QQA92,1P,Pair of Queens
3800,QQA87,1P,Pair of Queens
3801,QQA86,1P,Pair of Queens
3802,QQA85,1P,Pair of Queens
3803,QQA84,1P,Pair of Queens
3804,QQA83,1P,Pair of Queens
3805,QQA82,1P,Pair of Queens
3806,QQA76,1P,Pair of Queens
3807,QQA75,1P,Pair of Queens
3808,QQA74,1P,Pair of Queens
3809,QQA73,1P,Pair of Queens
3810,QQA72,1P,Pair of Queens
3811,QQA65,1P,Pair of Queens
3812,QQA64,1P,Pair of Queens
3813,QQA63,1P,Pair of Queens
3814,QQA62,1P,Pair of Queens
3815,QQA54,1P,Pair of Queens
3816,QQA53,1P,Pair of Queens
3817,QQA52,1P,Pair of Queens
3818,QQA43,1P,Pair of Queens
3819,QQA42,1P,Pair of Queens
3820,QQA32,1P,Pair of Queens
3821,QQKJT,1P,Pair of Queens
3822,QQKJ9,1P,Pair of Queens
3823,QQKJ8,1P,Pair of Queens
3824,QQKJ7,1P,Pair of Queens
3825,QQKJ6,1P,Pair of Queens
3826,QQKJ5,1P,Pair of Queens
3827,QQKJ4,1P,Pair of Queens
3828,QQKJ3,1P,Pair of Queens
3829,QQKJ2,1P,Pair of Queens
3830,QQKT9,1P,Pair of Queens
3831,QQKT8,1P,Pair of Queens
3832,QQKT7,1P,Pair of Queens
3833,QQKT6,1P,Pair of Queens
3834,QQKT5,1P,Pair of Queens
3835,QQKT4,1P,Pair of Queens
3836,QQKT3,1P,Pair of Queens
3837,QQKT2,1P,Pair of Queens
3838,QQK98,1P,Pair of Queens
3839,QQK97,1P,Pair of Queens
3840,QQK96,1P,Pair of Queens
3841,QQK95,1P,Pair of Queens
3842,QQK94,1P,Pair of Queens
3843,QQK93,1P,Pair of Queens
3844,QQK92,1P,Pair of Queens
3845,QQK87,1P,Pair of Queens
3846,QQK86,1P,Pair of Queens
3847,QQK85,1P,Pair of Queens
3848,QQK84,1P,Pair of Queens
3849,QQK83,1P,Pair of Queens
3850,QQK82,1P,Pair of Queens
3851,QQK76,1P,Pair of Queens
3852,QQK75,1P,Pair of Queens
3853,QQK74,1P,Pair of Queens
3854,QQK73,1P,Pair of Queens
3855,QQK72,1P,Pair of Queens
3856,QQK65,1P,Pair of Queens
3857,QQK64,1P,Pair of Queens
3858,QQK63,1P,Pair of Queens
3859,QQK62,1P,Pair of Queens
3860,QQK54,1P,Pair of Queens
3861,QQK53,1P,Pair of Queens
3862,QQK52,1P,Pair of Queens
3863,QQK43,1P,Pair of Queens
3864,QQK42,1P,Pair of Queens
3865,QQK32,1P,Pair of Queens
3866,QQJT9,1P,Pair of Queens
3867,QQJT8,1P,Pair of Queens
3868,QQJT7,1P,Pair of Queens
3869,QQJT6,1P,Pair of Queens
3870,QQJT5,1P,Pair of Queens
3871,QQJT4,1P,Pair of Queens
3872,QQJT3,1P,Pair of Queens
3873,QQJT2,1P,Pair of Queens
3874,QQJ98,1P,Pair of Queens
3875,QQJ97,1P,Pair of Queens
3876,QQJ96,1P,Pair of Queens
3877,QQJ95,1P,Pair of Queens
3878,QQJ94,1P,Pair of Queens
3879,QQJ93,1P,Pair of Queens
3880,QQJ92,1P,Pair of Queens
3881,QQJ87,1P,Pair of Queens
3882,QQJ86,1P,Pair of Queens
3883,QQJ85,1P,Pair of Queens
3884,QQJ84,1P,Pair of Queens
3885,QQJ83,1P,Pair of Queens
3886,QQJ82,1P,Pair of Queens
3887,QQJ76,1P,Pair of Queens
3888,QQJ75,1P,Pair of Queens
3889,QQJ74,1P,Pair of Queens
3890,QQJ73,1P,Pair of Queens
3891,QQJ72,1P,Pair of Queens
3892,QQJ65,1P,Pair of Queens
3893,QQJ64,1P,Pair of Queens
3894,QQJ63,1P,Pair of Queens
3895,QQJ62,1P,Pair of Queens
3896,QQJ54,1P,Pair of Queens
3897,QQJ53,1P,Pair of Queens
3898,QQJ52,1P,Pair of Queens
3899,QQJ43,1P,Pair of Queens
3900,QQJ42,1P,Pair of Queens
3901,QQJ32,1P,Pair of Queens
3902,QQT98,1P,Pair of Queens
3903,QQT97,1P,Pair of Queens
3904,QQT96,1P,Pair of Queens
3905,QQT95,1P,Pair of Queens
3906,QQT94,1P,Pair of Queens
3907,QQT93,1P,Pair of Queens
3908,QQT92,1P,Pair of Queens
3909,QQT87,1P,Pair of Queens
3910,QQT86,1P,Pair of Queens
3911,QQT85,1P,Pair of Queens
3912,QQT84,1P,Pair of Queens
3913,QQT83,1P,Pair of Queens
3914,QQT82,1P,Pair of Queens
3915,QQT76,1P,Pair of Queens
3916,QQT75,1P,Pair of Queens
3917,QQT74,1P,Pair of Queens
3918,QQT73,1P,Pair of Queens
3919,QQT72,1P,Pair of Queens
3920,QQT65,1P,Pair of Queens
3921,QQT64,1P,Pair of Queens
3922,QQT63,1P,Pair of Queens
3923,QQT62,1P,Pair of Queens
3924,QQT54,1P,Pair of Queens
3925,QQT53,1P,Pair of Queens
3926,QQT52,1P,Pair of Queens
3927,QQT43,1P,Pair of Queens
3928,QQT42,1P,Pair of Queens
3929,QQT32,1P,Pair of Queens
3930,QQ987,1P,Pair of Queens
3931,QQ986,1P,Pair of Queens
3932,QQ985,1P,Pair of Queens
3933,QQ984,1P,Pair of Queens
3934,QQ983,1P,Pair of Queens
3935,QQ982,1P,Pair of Queens
3936,QQ976,1P,Pair of Queens
3937,QQ975,1P,Pair of Queens
3938,QQ974,1P,Pair of Queens
3939,QQ973,1P,Pair of Queens
3940,QQ972,1P,Pair of Queens
3941,QQ965,1P,Pair of Queens
3942,QQ964,1P,Pair of Queens
3943,QQ963,1P,Pair of Queens
3944,QQ962,1P,Pair of Queens
3945,QQ954,1P,Pair of Queens
3946,QQ953,1P,Pair of Queens
3947,QQ952,1P,Pair of Queens
3948,QQ943,1P,Pair of Queens
3949,QQ942,1P,Pair of Queens
3950,QQ932,1P,Pair of Queens
3951,QQ876,1P,Pair of Queens
3952,QQ875,1P,Pair of Queens
3953,QQ874,1P,Pair of Queens
3954,QQ873,1P,Pair of Queens
3955,QQ872,1P,Pair of Queens
3956,QQ865,1P,Pair of Queens
3957,QQ864,1P,Pair of Queens
3958,QQ863,1P,Pair of Queens
3959,QQ862,1P,Pair of Queens
3960,QQ854,1P,Pair of Queens
3961,QQ853,1P,Pair of Queens
3962,QQ852,1P,Pair of Queens
3963,QQ843,1P,Pair of Queens
3964,QQ842,1P,Pair of Queens
3965,QQ832,1P,Pair of Queens
3966,QQ765,1P,Pair of Queens
3967,QQ764,1P,Pair of Queens
3968,QQ763,1P,Pair of Queens
3969,QQ762,1P,Pair of Queens
3970,QQ754,1P,Pair of Queens
3971,QQ753,1P,Pair of Queens
3972,QQ752,1P,Pair of Queens
3973,QQ743,1P,Pair of Queens
3974,QQ742,1P,Pair of Queens
3975,QQ732,1P,Pair of Queens
3976,QQ654,1P,Pair of Queens
3977,QQ653,1P,Pair of Queens
3978,QQ652,1P,Pair of Queens
3979,QQ643,1P,Pair of Queens
3980,QQ642,1P,Pair of Queens
3981,QQ632,1P,Pair of Queens
3982,QQ543,1P,Pair of Queens
3983,QQ542,1P,Pair of Queens
3984,QQ532,1P,Pair of Queens
3985,QQ432,1P,Pair of Queens
3986,JJAKQ,1P,Pair of Jacks
3987,JJAKT,1P,Pair of Jacks
3988,JJAK9,1P,Pair of Jacks
3989,JJAK8,1P,Pair of Jacks
3990,JJAK7,1P,Pair of Jacks
3991,JJAK6,1P,Pair of Jacks
3992,JJAK5,1P,Pair of Jacks
3993,JJAK4,1P,Pair of Jacks
3994,JJAK3,1P,Pair of Jacks
3995,JJAK2,1P,Pair of Jacks
3996,JJAQT,1P,Pair of Jacks
3997,JJAQ9,1P,Pair of Jacks
3998,JJAQ8,1P,Pair of Jacks
3999,JJAQ7,1P,Pair of Jacks
4000,JJAQ6,1P,Pair of Jacks
4001,JJAQ5,1P,Pair of Jacks
4002,JJAQ4,1P,Pair of Jacks
4003,JJAQ3,1P,Pair of Jacks
4004,JJAQ2,1P,Pair of Jacks
4005,JJAT9,1P,Pair of Jacks
4006,JJAT8,1P,Pair of Jacks
4007,JJAT7,1P,Pair of Jacks
4008,JJAT6,1P,Pair of Jacks
4009,JJAT5,1P,Pair of Jacks
4010,JJAT4,1P,Pair of Jacks
4011,JJAT3,1P,Pair of Jacks
4012,JJAT2,1P,Pair of Jacks
4013,JJA98,1P,Pair of Jacks
4014,JJA97,1P,Pair of Jacks
4015,JJA96,1P,Pair of Jacks
4016,JJA95,1P,Pair of Jacks
4017,JJA94,1P,Pair of Jacks
4018,JJA93,1P,Pair of Jacks
4019,JJA92,1P,Pair of Jacks
4020,JJA87,1P,Pair of Jacks
4021,JJA86,1P,Pair of Jacks
4022,JJA85,1P,Pair of Jacks
4023,JJA84,1P,Pair of Jacks
4024,JJA83,1P,Pair of Jacks
4025,JJA82,1P,Pair of Jacks
4026,JJA76,1P,Pair of Jacks
4027,JJA75,1P,Pair of Jacks
4028,JJA74,1P,Pair of Jacks
4029,JJA73,1P,Pair of Jacks
4030,JJA72,1P,Pair of Jacks
4031,JJA65,1P,Pair of Jacks
4032,JJA64,1P,Pair of Jacks
4033,JJA63,1P,Pair of Jacks
4034,JJA62,1P,Pair of Jacks
4035,JJA54,1P,Pair of Jacks
4036,JJA53,1P,Pair of Jacks
4037,JJA52,1P,Pair of Jacks
4038,JJA43,1P,Pair of Jacks
4039,JJA42,1P,Pair of Jacks
4040,JJA32,1P,Pair of Jacks
4041,JJKQT,1P,Pair of Jacks
4042,JJKQ9,1P,Pair of Jacks
4043,JJKQ8,1P,Pair of Jacks
4044,JJKQ7,1P,Pair of Jacks
4045,JJKQ6,1P,Pair of Jacks
4046,JJKQ5,1P,Pair of Jacks
4047,JJKQ4,1P,Pair of Jacks
4048,JJKQ3,1P,Pair of Jacks
4049,JJKQ2,1P,Pair of Jacks
4050,JJKT9,1P,Pair of Jacks
4051,JJKT8,1P,Pair of Jacks
4052,JJKT7,1P,Pair of Jacks
4053,JJKT6,1P,Pair of Jacks
4054,JJKT5,1P,Pair of Jacks
4055,JJKT4,1P,Pair of Jacks
4056,JJKT3,1P,Pair of Jacks
4057,JJKT2,1P,Pair of Jacks
4058,JJK98,1P,Pair of Jacks
4059,JJK97,1P,Pair of Jacks
4060,JJK96,1P,Pair of Jacks
4061,JJK95,1P,Pair of Jacks
4062,JJK94,1P,Pair of Jacks
4063,JJK93,1P,Pair of Jacks
4064,JJK92,1P,Pair of Jacks
4065,JJK87,1P,Pair of Jacks
4066,JJK86,1P,Pair of Jacks
4067,JJK85,1P,Pair of Jacks
4068,JJK84,1P,Pair of Jacks
4069,JJK83,1P,Pair of Jacks
4070,JJK82,1P,Pair of Jacks
4071,JJK76,1P,Pair of Jacks
4072,JJK75,1P,Pair of Jacks
4073,JJK74,1P,Pair of Jacks
4074,JJK73,1P,Pair of Jacks
4075,JJK72,1P,Pair of Jacks
4076,JJK65,1P,Pair of Jacks
4077,JJK64,1P,Pair of Jacks
4078,JJK63,1P,Pair of Jacks
4079,JJK62,1P,Pair of Jacks
4080,JJK54,1P,Pair of Jacks
4081,JJK53,1P,Pair of Jacks
4082,JJK52,1P,Pair of Jacks
4083,JJK43,1P,Pair of Jacks
4084,JJK42,1P,Pair of Jacks
4085,JJK32,1P,Pair of Jacks
4086,JJQT9,1P,Pair of Jacks
4087,JJQT8,1P,Pair of Jacks
4088,JJQT7,1P,Pair of Jacks
4089,JJQT6,1P,Pair of Jacks
4090,JJQT5,1P,Pair of Jacks
4091,JJQT4,1P,Pair of Jacks
4092,JJQT3,1P,Pair of Jacks
4093,JJQT2,1P,Pair of Jacks
4094,JJQ98,1P,Pair of Jacks
4095,JJQ97,1P,Pair of Jacks
4096,JJQ96,1P,Pair of Jacks
4097,JJQ95,1P,Pair of Jacks
4098,JJQ94,1P,Pair of Jacks
4099,JJQ93,1P,Pair of Jacks
4100,JJQ92,1P,Pair of Jacks
4101,JJQ87,1P,Pair of Jacks
4102,JJQ86,1P,Pair of Jacks
4103,JJQ85,1P,Pair of Jacks
4104,JJQ84,1P,Pair of Jacks
4105,JJQ83,1P,Pair of Jacks
4106,JJQ82,1P,Pair of Jacks
4107,JJQ76,1P,Pair of Jacks
4108,JJQ75,1P,Pair of Jacks
4109,JJQ74,1P,Pair of Jacks
4110,JJQ73,1P,Pair of Jacks
4111,JJQ72,1P,Pair of Jacks
4112,JJQ65,1P,Pair of Jacks
4113,JJQ64,1P,Pair of Jacks
4114,JJQ63,1P,Pair of Jacks
4115,JJQ62,1P,Pair of Jacks
4116,JJQ54,1P,Pair of Jacks
4117,JJQ53,1P,Pair of Jacks
4118,JJQ52,1P,Pair of Jacks
4119,JJQ43,1P,Pair of Jacks
4120,JJQ42,1P,Pair of Jacks
4121,JJQ32,1P,Pair of Jacks
4122,JJT98,1P,Pair of Jacks
4123,JJT97,1P,Pair of Jacks
4124,JJT96,1P,Pair of Jacks
4125,JJT95,1P,Pair of Jacks
4126,JJT94,1P,Pair of Jacks
4127,JJT93,1P,Pair of Jacks
4128,JJT92,1P,Pair of Jacks
4129,JJT87,1P,Pair of Jacks
4130,JJT86,1P,Pair of Jacks
4131,JJT85,1P,Pair of Jacks
4132,JJT84,1P,Pair of Jacks
4133,JJT83,1P,Pair of Jacks
4134,JJT82,1P,Pair of Jacks
4135,JJT76,1P,Pair of Jacks
4136,JJT75,1P,Pair of Jacks
4137,JJT74,1P,Pair of Jacks
4138,JJT73,1P,Pair of Jacks
4139,JJT72,1P,Pair of Jacks
4140,JJT65,1P,Pair of Jacks
4141,JJT64,1P,Pair of Jacks
4142,JJT63,1P,Pair of Jacks
4143,JJT62,1P,Pair of Jacks
4144,JJT54,1P,Pair of Jacks
4145,JJT53,1P,Pair of Jacks
4146,JJT52,1P,Pair of Jacks
4147,JJT43,1P,Pair of Jacks
4148,JJT42,1P,Pair of Jacks
4149,JJT32,1P,Pair of Jacks
4150,JJ987,1P,Pair of Jacks
4151,JJ986,1P,Pair of Jacks
4152,JJ985,1P,Pair of Jacks
4153,JJ984,1P,Pair of Jacks
4154,JJ983,1P,Pair of Jacks
4155,JJ982,1P,Pair of Jacks
4156,JJ976,1P,Pair of Jacks
4157,JJ975,1P,Pair of Jacks
4158,JJ974,1P,Pair of Jacks
4159,JJ973,1P,Pair of Jacks
4160,JJ972,1P,Pair of Jacks
4161,JJ965,1P,Pair of Jacks
4162,JJ964,1P,Pair of Jacks
4163,JJ963,1P,Pair of Jacks
4164,JJ962,1P,Pair of Jacks
4165,JJ954,1P,Pair of Jacks
4166,JJ953,1P,Pair of Jacks
4167,JJ952,1P,Pair of Jacks
4168,JJ943,1P,Pair of Jacks
4169,JJ942,1P,Pair of Jacks
4170,JJ932,1P,Pair of Jacks
4171,JJ876,1P,Pair of Jacks
4172,JJ875,1P,Pair of Jacks
4173,JJ874,1P,Pair of Jacks
4174,JJ873,1P,Pair of Jacks
4175,JJ872,1P,Pair of Jacks
4176,JJ865,1P,Pair of Jacks
4177,JJ864,1P,Pair of Jacks
4178,JJ863,1P,Pair of Jacks
4179,JJ862,1P,Pair of Jacks
4180,JJ854,1P,Pair of Jacks
4181,JJ853,1P,Pair of Jacks
4182,JJ852,1P,Pair of Jacks
4183,JJ843,1P,Pair of Jacks
4184,JJ842,1P,Pair of Jacks
4185,JJ832,1P,Pair of Jacks
4186,JJ765,1P,Pair of Jacks
4187,JJ764,1P,Pair of Jacks
4188,JJ763,1P,Pair of Jacks
4189,JJ762,1P,Pair of Jacks
4190,JJ754,1P,Pair of Jacks
4191,JJ753,1P,Pair of Jacks
4192,JJ752,1P,Pair of Jacks
4193,JJ743,1P,Pair of Jacks
4194,JJ742,1P,Pair of Jacks
4195,JJ732,1P,Pair of Jacks
4196,JJ654,1P,Pair of Jacks
4197,JJ653,1P,Pair of Jacks
4198,JJ652,1P,Pair of Jacks
4199,JJ643,1P,Pair of Jacks
4200,JJ642,1P,Pair of Jacks
4201,JJ632,1P,Pair of Jacks
4202,JJ543,1P,Pair of Jacks
4203,JJ542,1P,Pair of Jacks
4204,JJ532,1P,Pair of Jacks
4205,JJ432,1P,Pair of Jacks
4206,TTAKQ,1P,Pair of Tens
4207,TTAKJ,1P,Pair of Tens
4208,TTAK9,1P,Pair of Tens
4209,TTAK8,1P,Pair of Tens
4210,TTAK7,1P,Pair of Tens
4211,TTAK6,1P,Pair of Tens
4212,TTAK5,1P,Pair of Tens
4213,TTAK4,1P,Pair of Tens
4214,TTAK3,1P,Pair of Tens
4215,TTAK2,1P,Pair of Tens
4216,TTAQJ,1P,Pair of Tens
4217,TTAQ9,1P,Pair of Tens
4218,TTAQ8,1P,Pair of Tens
4219,TTAQ7,1P,Pair of Tens
4220,TTAQ6,1P,Pair of Tens
4221,TTAQ5,1P,Pair of Tens
4222,TTAQ4,1P,Pair of Tens
4223,TTAQ3,1P,Pair of Tens
4224,TTAQ2,1P,Pair of Tens
4225,TTAJ9,1P,Pair of Tens
4226,TTAJ8,1P,Pair of Tens
4227,TTAJ7,1P,Pair of Tens
4228,TTAJ6,1P,Pair of Tens
4229,TTAJ5,1P,Pair of Tens
4230,TTAJ4,1P,Pair of Tens
4231,TTAJ3,1P,Pair of Tens
4232,TTAJ2,1P,Pair of Tens
4233,TTA98,1P,Pair of Tens
4234,TTA97,1P,Pair of Tens
4235,TTA96,1P,Pair of Tens
4236,TTA95,1P,Pair of Tens
4237,TTA94,1P,Pair of Tens
4238,TTA93,1P,Pair of Tens
4239,TTA92,1P,Pair of Tens
4240,TTA87,1P,Pair of Tens
4241,TTA86,1P,Pair of Tens
4242,TTA85,1P,Pair of Tens
4243,TTA84,1P,Pair of Tens
4244,TTA83,1P,Pair of Tens
4245,TTA82,1P,Pair of Tens
4246,TTA76,1P,Pair of Tens
4247,TTA75,1P,Pair of Tens
4248,TTA74,1P,Pair of Tens
4249,TTA73,1P,Pair of Tens
4250,TTA72,1P,Pair of Tens
4251,TTA65,1P,Pair of Tens
4252,TTA64,1P,Pair of Tens
4253,TTA63,1P,Pair of Tens
4254,TTA62,1P,Pair of Tens
4255,TTA54,1P,Pair of Tens
4256,TTA53,1P,Pair of Tens
4257,TTA52,1P,Pair of Tens
4258,TTA43,1P,Pair of Tens
4259,TTA42,1P,Pair of Tens
4260,TTA32,1P,Pair of Tens
4261,TTKQJ,1P,Pair of Tens
4262,TTKQ9,1P,Pair of Tens
4263,TTKQ8,1P,Pair of Tens
4264,TTKQ7,1P,Pair of Tens
4265,TTKQ6,1P,Pair of Tens
4266,TTKQ5,1P,Pair of Tens
4267,TTKQ4,1P,Pair of Tens
4268,TTKQ3,1P,Pair of Tens
4269,TTKQ2,1P,Pair of Tens
4270,TTKJ9,1P,Pair of Tens
4271,TTKJ8,1P,Pair of Tens
4272,TTKJ7,1P,Pair of Tens
4273,TTKJ6,1P,Pair of Tens
4274,TTKJ5,1P,Pair of Tens
4275,TTKJ4,1P,Pair of Tens
4276,TTKJ3,1P,Pair of Tens
4277,TTKJ2,1P,Pair of Tens
4278,TTK98,1P,Pair of Tens
4279,TTK97,1P,Pair of Tens
4280,TTK96,1P,Pair of Tens
4281,TTK95,1P,Pair of Tens
4282,TTK94,1P,Pair of Tens
4283,TTK93,1P,Pair of Tens
4284,TTK92,1P,Pair of Tens
4285,TTK87,1P,Pair of Tens
4286,TTK86,1P,Pair of Tens
4287,TTK85,1P,Pair of Tens
4288,TTK84,1P,Pair of Tens
4289,TTK83,1P,Pair of Tens
4290,TTK82,1P,Pair of Tens
4291,TTK76,1P,Pair of Tens
4292,TTK75,1P,Pair of Tens
4293,TTK74,1P,Pair of Tens
4294,TTK73,1P,Pair of Tens
4295,TTK72,1P,Pair of Tens
4296,TTK65,1P,Pair of Tens
4297,TTK64,1P,Pair of Tens
4298,TTK63,1P,Pair of Tens
4299,TTK62,1P,Pair of Tens
4300,TTK54,1P,Pair of Tens
4301,TTK53,1P,Pair of Tens
4302,TTK52,1P,Pair of Tens
4303,TTK43,1P,Pair of Tens
4304,TTK42,1P,Pair of Tens
4305,TTK32,1P,Pair of Tens
4306,TTQJ9,1P,Pair of Tens
4307,TTQJ8,1P,Pair of Tens
4308,TTQJ7,1P,Pair of Tens
4309,TTQJ6,1P,Pair of Tens
4310,TTQJ5,1P,Pair of Tens
4311,TTQJ4,1P,Pair of Tens
4312,TTQJ3,1P,Pair of Tens
4313,TTQJ2,1P,Pair of Tens
4314,TTQ98,1P,Pair of Tens
4315,TTQ97,1P,Pair of Tens
4316,TTQ96,1P,Pair of Tens
4317,TTQ95,1P,Pair of Tens
4318,TTQ94,1P,Pair of Tens
4319,TTQ93,1P,Pair of Tens
4320,TTQ92,1P,Pair of Tens
4321,TTQ87,1P,Pair of Tens
4322,TTQ86,1P,Pair of Tens
4323,TTQ85,1P,Pair of Tens
4324,TTQ84,1P,Pair of Tens
4325,TTQ83,1P,Pair of Tens
4326,TTQ82,1P,Pair of Tens
4327,TTQ76,1P,Pair of Tens
4328,TTQ75,1P,Pair of Tens
4329,TTQ74,1P,Pair of Tens
4330,TTQ73,1P,Pair of Tens
4331,TTQ72,1P,Pair of Tens
4332,TTQ65,1P,Pair of Tens
4333,TTQ64,1P,Pair of Tens
4334,TTQ63,1P,Pair of Tens
4335,TTQ62,1P,Pair of Tens
4336,TTQ54,1P,Pair of Tens
4337,TTQ53,1P,Pair of Tens
4338,TTQ52,1P,Pair of Tens
4339,TTQ43,1P,Pair of Tens
4340,TTQ42,1P,Pair of Tens
4341,TTQ32,1P,Pair of Tens
4342,TTJ98,1P,Pair of Tens
4343,TTJ97,1P,Pair of Tens
4344,TTJ96,1P,Pair of Tens
4345,TTJ95,1P,Pair of Tens
4346,TTJ94,1P,Pair of Tens
4347,TTJ93,1P,Pair of Tens
4348,TTJ92,1P,Pair of Tens
4349,TTJ87,1P,Pair of Tens
4350,TTJ86,1P,Pair of Tens
4351,TTJ85,1P,Pair of Tens
4352,TTJ84,1P,Pair of Tens
4353,TTJ83,1P,Pair of Tens
4354,TTJ82,1P,Pair of Tens
4355,TTJ76,1P,Pair of Tens
4356,TTJ75,1P,Pair of Tens
4357,TTJ74,1P,Pair of Tens
4358,TTJ73,1P,Pair of Tens
4359,TTJ72,1P,Pair of Tens
4360,TTJ65,1P,Pair of Tens
4361,TTJ64,1P,Pair of Tens
4362,TTJ63,1P,Pair of Tens
4363,TTJ62,1P,Pair of Tens
4364,TTJ54,1P,Pair of Tens
4365,TTJ53,1P,Pair of Tens
4366,TTJ52,1P,Pair of Tens
4367,TTJ43,1P,Pair of Tens
4368,TTJ42,1P,Pair of Tens
4369,TTJ32,1P,Pair of Tens
4370,TT987,1P,Pair of Tens
4371,TT986,1P,Pair of Tens
4372,TT985,1P,Pair of Tens
4373,TT984,1P,Pair of Tens
4374,TT983,1P,Pair of Tens
4375,TT982,1P,Pair of Tens
4376,TT976,1P,Pair of Tens
4377,TT975,1P,Pair of Tens
4378,TT974,1P,Pair of Tens
4379,TT973,1P,Pair of Tens
4380,TT972,1P,Pair of Tens
4381,TT965,1P,Pair of Tens
4382,TT964,1P,Pair of Tens
4383,TT963,1P,Pair of Tens
4384,TT962,1P,Pair of Tens
4385,TT954,1P,Pair of Tens
4386,TT953,1P,Pair of Tens
4387,TT952,1P,Pair of Tens
4388,TT943,1P,Pair of Tens
4389,TT942,1P,Pair of Tens
4390,TT932,1P,Pair of Tens
4391,TT876,1P,Pair of Tens
4392,TT875,1P,Pair of Tens
4393,TT874,1P,Pair of Tens
4394,TT873,1P,Pair of Tens
4395,TT872,1P,Pair of Tens
4396,TT865,1P,Pair of Tens
4397,TT864,1P,Pair of Tens
4398,TT863,1P,Pair of Tens
4399,TT862,1P,Pair of Tens
4400,TT854,1P,Pair of Tens
4401,TT853,1P,Pair of Tens
4402,TT852,1P,Pair of Tens
4403,TT843,1P,Pair of Tens
4404,TT842,1P,Pair of Tens
4405,TT832,1P,Pair of Tens
4406,TT765,1P,Pair of Tens
4407,TT764,1P,Pair of Tens
4408,TT763,1P,Pair of Tens
4409,TT762,1P,Pair of Tens
4410,TT754,1P,Pair of Tens
4411,TT753,1P,Pair of Tens
4412,TT752,1P,Pair of Tens
4413,TT743,1P,Pair of Tens
4414,TT742,1P,Pair of Tens
4415,TT732,1P,Pair of Tens
4416,TT654,1P,Pair of Tens
4417,TT653,1P,Pair of Tens
4418,TT652,1P,Pair of Tens
4419,TT643,1P,Pair of Tens
4420,TT642,1P,Pair of Tens
4421,TT632,1P,Pair of Tens
4422,TT543,1P,Pair of Tens
4423,TT542,1P,Pair of Tens
4424,TT532,1P,Pair of Tens
4425,TT432,1P,Pair of Tens
4426,99AKQ,1P,Pair of Nines
4427,99AKJ,1P,Pair of Nines
4428,99AKT,1P,Pair of Nines
4429,99AK8,1P,Pair of Nines
4430,99AK7,1P,Pair of Nines
4431,99AK6,1P,Pair of Nines
4432,99AK5,1P,Pair of Nines
4433,99AK4,1P,Pair of Nines
4434,99AK3,1P,Pair of Nines
4435,99AK2,1P,Pair of Nines
4436,99AQJ,1P,Pair of Nines
4437,99AQT,1P,Pair of Nines
4438,99AQ8,1P,Pair of Nines
4439,99AQ7,1P,Pair of Nines
4440,99AQ6,1P,Pair of Nines
4441,99AQ5,1P,Pair of Nines
4442,99AQ4,1P,Pair of Nines
4443,99AQ3,1P,Pair of Nines
4444,99AQ2,1P,Pair of Nines
4445,99AJT,1P,Pair of Nines
4446,99AJ8,1P,Pair of Nines
4447,99AJ7,1P,Pair of Nines
4448,99AJ6,1P,Pair of Nines
4449,99AJ5,1P,Pair of Nines
4450,99AJ4,1P,Pair of Nines
4451,99AJ3,1P,Pair of Nines
4452,99AJ2,1P,Pair of Nines
4453,99AT8,1P,Pair of Nines
4454,99AT7,1P,Pair of Nines
4455,99AT6,1P,Pair of Nines
4456,99AT5,1P,Pair of Nines
4457,99AT4,1P,Pair of Nines
4458,99AT3,1P,Pair of Nines
4459,99AT2,1P,Pair of Nines
4460,99A87,1P,Pair of Nines
4461,99A86,1P,Pair of Nines
4462,99A85,1P,Pair of Nines
4463,99A84,1P,Pair of Nines
4464,99A83,1P,Pair of Nines
4465,99A82,1P,Pair of Nines
4466,99A76,1P,Pair of Nines
4467,99A75,1P,Pair of Nines
4468,99A74,1P,Pair of Nines
4469,99A73,1P,Pair of Nines
4470,99A72,1P,Pair of Nines
4471,99A65,1P,Pair of Nines
4472,99A64,1P,Pair of Nines
4473,99A63,1P,Pair of Nines
4474,99A62,1P,Pair of Nines
4475,99A54,1P,Pair of Nines
4476,99A53,1P,Pair of Nines
4477,99A52,1P,Pair of Nines
4478,99A43,1P,Pair of Nines
4479,99A42,1P,Pair of Nines
4480,99A32,1P,Pair of Nines
4481,99KQJ,1P,Pair of Nines
4482,99KQT,1P,Pair of Nines
4483,99KQ8,1P,Pair of Nines
4484,99KQ7,1P,Pair of Nines
4485,99KQ6,1P,Pair of Nines
4486,99KQ5,1P,Pair of Nines
4487,99KQ4,1P,Pair of Nines
4488,99KQ3,1P,Pair of Nines
4489,99KQ2,1P,Pair of Nines
4490,99KJT,1P,Pair of Nines
4491,99KJ8,1P,Pair of Nines
4492,99KJ7,1P,Pair of Nines
4493,99KJ6,1P,Pair of Nines
4494,99KJ5,1P,Pair of Nines
4495,99KJ4,1P,Pair of Nines
4496,99KJ3,1P,Pair of Nines
4497,99KJ2,1P,Pair of Nines
4498,99KT8,1P,Pair of Nines
4499,99KT7,1P,Pair of Nines
4500,99KT6,1P,Pair of Nines
4501,99KT5,1P,Pair of Nines
4502,99KT4,1P,Pair of Nines
4503,99KT3,1P,Pair of Nines
4504,99KT2,1P,Pair of Nines
4505,99K87,1P,Pair of Nines
4506,99K86,1P,Pair of Nines
4507,99K85,1P,Pair of Nines
4508,99K84,1P,Pair of Nines
4509,99K83,1P,Pair of Nines
4510,99K82,1P,Pair of Nines
4511,99K76,1P,Pair of Nines
4512,99K75,1P,Pair of Nines
4513,99K74,1P,Pair of Nines
4514,99K73,1P,Pair of Nines
4515,99K72,1P,Pair of Nines
4516,99K65,1P,Pair of Nines
4517,99K64,1P,Pair of Nines
4518,99K63,1P,Pair of Nines
4519,99K62,1P,Pair of Nines
4520,99K54,1P,Pair of Nines
4521,99K53,1P,Pair of Nines
4522,99K52,1P,Pair of Nines
4523,99K43,1P,Pair of Nines
4524,99K42,1P,Pair of Nines
4525,99K32,1P,Pair of Nines
4526,99QJT,1P,Pair of Nines
4527,99QJ8,1P,Pair of Nines
4528,99QJ7,1P,Pair of Nines
4529,99QJ6,1P,Pair of Nines
4530,99QJ5,1P,Pair of Nines
4531,99QJ4,1P,Pair of Nines
4532,99QJ3,1P,Pair of Nines
4533,99QJ2,1P,Pair of Nines
4534,99QT8,1P,Pair of Nines
4535,99QT7,1P,Pair of Nines
4536,99QT6,1P,Pair of Nines
4537,99QT5,1P,Pair of Nines
4538,99QT4,1P,Pair of Nines
4539,99QT3,1P,Pair of Nines
4540,99QT2,1P,Pair of Nines
4541,99Q87,1P,Pair of Nines
4542,99Q86,1P,Pair of Nines
4543,99Q85,1P,Pair of Nines
4544,99Q84,1P,Pair of Nines
4545,99Q83,1P,Pair of Nines
4546,99Q82,1P,Pair of Nines
4547,99Q76,1P,Pair of Nines
4548,99Q75,1P,Pair of Nines
4549,99Q74,1P,Pair of Nines
4550,99Q73,1P,Pair of Nines
4551,99Q72,1P,Pair of Nines
4552,99Q65,1P,Pair of Nines
4553,99Q64,1P,Pair of Nines
4554,99Q63,1P,Pair of Nines
4555,99Q62,1P,Pair of Nines
4556,99Q54,1P,Pair of Nines
4557,99Q53,1P,Pair of Nines
4558,99Q52,1P,Pair of Nines
4559,99Q43,1P,Pair of Nines
4560,99Q42,1P,Pair of Nines
4561,99Q32,1P,Pair of Nines
4562,99JT8,1P,Pair of Nines
4563,99JT7,1P,Pair of Nines
4564,99JT6,1P,Pair of Nines
4565,99JT5,1P,Pair of Nines
4566,99JT4,1P,Pair of Nines
4567,99JT3,1P,Pair of Nines
4568,99JT2,1P,Pair of Nines
4569,99J87,1P,Pair of Nines
4570,99J86,1P,Pair of Nines
4571,99J85,1P,Pair of Nines
4572,99J84,1P,Pair of Nines
4573,99J83,1P,Pair of Nines
4574,99J82,1P,Pair of Nines
4575,99J76,1P,Pair of Nines
4576,99J75,1P,Pair of Nines
4577,99J74,1P,Pair of Nines
4578,99J73,1P,Pair of Nines
4579,99J72,1P,Pair of Nines
4580,99J65,1P,Pair of Nines
4581,99J64,1P,Pair of Nines
4582,99J63,1P,Pair of Nines
4583,99J62,1P,Pair of Nines
4584,99J54,1P,Pair of Nines
4585,99J53,1P,Pair of Nines
4586,99J52,1P,Pair of Nines
4587,99J43,1P,Pair of Nines
4588,99J42,1P,Pair of Nines
4589,99J32,1P,Pair of Nines
4590,99T87,1P,Pair of Nines
4591,99T86,1P,Pair of Nines
4592,99T85,1P,Pair of Nines
4593,99T84,1P,Pair of Nines
4594,99T83,1P,Pair of Nines
4595,99T82,1P,Pair of Nines
4596,99T76,1P,Pair of Nines
4597,99T75,1P,Pair of Nines
4598,99T74,1P,Pair of Nines
4599,99T73,1P,Pair of Nines
4600,99T72,1P,Pair of Nines
4601,99T65,1P,Pair of Nines
4602,99T64,1P,Pair of Nines
4603,99T63,1P,Pair of Nines
4604,99T62,1P,Pair of Nines
4605,99T54,1P,Pair of Nines
4606,99T53,1P,Pair of Nines
4607,99T52,1P,Pair of Nines
4608,99T43,1P,Pair of Nines
4609,99T42,1P,Pair of Nines
4610,99T32,1P,Pair of Nines
4611,99876,1P,Pair of Nines
4612,99875,1P,Pair of Nines
4613,99874,1P,Pair of Nines
4614,99873,1P,Pair of Nines
4615,99872,1P,Pair of Nines
4616,99865,1P,Pair of Nines
4617,99864,1P,Pair of Nines
4618,99863,1P,Pair of Nines
4619,99862,1P,Pair of Nines
4620,99854,1P,Pair of Nines
4621,99853,1P,Pair of Nines
4622,99852,1P,Pair of Nines
4623,99843,1P,Pair of Nines
4624,99842,1P,Pair of Nines
4625,99832,1P,Pair of Nines
4626,99765,1P,Pair of Nines
4627,99764,1P,Pair of Nines
4628,99763,1P,Pair of Nines
4629,99762,1P,Pair of Nines
4630,99754,1P,Pair of Nines
4631,99753,1P,Pair of Nines
4632,99752,1P,Pair of Nines
4633,99743,1P,Pair of Nines
4634,99742,1P,Pair of Nines
4635,99732,1P,Pair of Nines
4636,99654,1P,Pair of Nines
4637,99653,1P,Pair of Nines
4638,99652,1P,Pair of Nines
4639,99643,1P,Pair of Nines
4640,99642,1P,Pair of Nines
4641,99632,1P,Pair of Nines
4642,99543,1P,Pair of Nines
4643,99542,1P,Pair of Nines
4644,99532,1P,Pair of Nines
4645,99432,1P,Pair of Nines
4646,88AKQ,1P,Pair of Eights
4647,88AKJ,1P,Pair of Eights
4648,88AKT,1P,Pair of Eights
4649,88AK9,1P,Pair of Eights
4650,88AK7,1P,Pair of Eights
4651,88AK6,1P,Pair of Eights
4652,88AK5,1P,Pair of Eights
4653,88AK4,1P,Pair of Eights
4654,88AK3,1P,Pair of Eights
4655,88AK2,1P,Pair of Eights
4656,88AQJ,1P,Pair of Eights
4657,88AQT,1P,Pair of Eights
4658,88AQ9,1P,Pair of Eights
4659,88AQ7,1P,Pair of Eights
4660,88AQ6,1P,Pair of Eights
4661,88AQ5,1P,Pair of Eights
4662,88AQ4,1P,Pair of Eights
4663,88AQ3,1P,Pair of Eights
4664,88AQ2,1P,Pair of Eights
4665,88AJT,1P,Pair of Eights
4666,88AJ9,1P,Pair of Eights
4667,88AJ7,1P,Pair of Eights
4668,88AJ6,1P,Pair of Eights
4669,88AJ5,1P,Pair of Eights
4670,88AJ4,1P,Pair of Eights
4671,88AJ3,1P,Pair of Eights
4672,88AJ2,1P,Pair of Eights
4673,88AT9,1P,Pair of Eights
4674,88AT7,1P,Pair of Eights
4675,88AT6,1P,Pair of Eights
4676,88AT5,1P,Pair of Eights
4677,88AT4,1P,Pair of Eights
4678,88AT3,1P,Pair of Eights
4679,88AT2,1P,Pair of Eights
4680,88A97,1P,Pair of Eights
4681,88A96,1P,Pair of Eights
4682,88A95,1P,Pair of Eights
4683,88A94,1P,Pair of Eights
4684,88A93,1P,Pair of Eights
4685,88A92,1P,Pair of Eights
4686,88A76,1P,Pair of Eights
4687,88A75,1P,Pair of Eights
4688,88A74,1P,Pair of Eights
4689,88A73,1P,Pair of Eights
4690,88A72,1P,Pair of Eights
4691,88A65,1P,Pair of Eights
4692,88A64,1P,Pair of Eights
4693,88A63,1P,Pair of Eights
4694,88A62,1P,Pair of Eights
4695,88A54,1P,Pair of Eights
4696,88A53,1P,Pair of Eights
4697,88A52,1P,Pair of Eights
4698,88A43,1P,Pair of Eights
4699,88A42,1P,Pair of Eights
4700,88A32,1P,Pair of Eights
4701,88KQJ,1P,Pair of Eights
4702,88KQT,1P,Pair of Eights
4703,88KQ9,1P,Pair of Eights
4704,88KQ7,1P,Pair of Eights
4705,88KQ6,1P,Pair of Eights
4706,88KQ5,1P,Pair of Eights
4707,88KQ4,1P,Pair of Eights
4708,88KQ3,1P,Pair of Eights
4709,88KQ2,1P,Pair of Eights
4710,88KJT,1P,Pair of Eights
4711,88KJ9,1P,Pair of Eights
4712,88KJ7,1P,Pair of Eights
4713,88KJ6,1P,Pair of Eights
4714,88KJ5,1P,Pair of Eights
4715,88KJ4,1P,Pair of Eights
4716,88KJ3,1P,Pair of Eights
4717,88KJ2,1P,Pair of Eights
4718,88KT9,1P,Pair of Eights
4719,88KT7,1P,Pair of Eights
4720,88KT6,1P,Pair of Eights
4721,88KT5,1P,Pair of Eights
4722,88KT4,1P,Pair of Eights
4723,88KT3,1P,Pair of Eights
4724,88KT2,1P,Pair of Eights
4725,88K97,1P,Pair of Eights
4726,88K96,1P,Pair of Eights
4727,88K95,1P,Pair of Eights
4728,88K94,1P,Pair of Eights
4729,88K93,1P,Pair of Eights
4730,88K92,1P,Pair of Eights
4731,88K76,1P,Pair of Eights
4732,88K75,1P,Pair of Eights
4733,88K74,1P,Pair of Eights
4734,88K73,1P,Pair of Eights
4735,88K72,1P,Pair of Eights
4736,88K65,1P,Pair of Eights
4737,88K64,1P,Pair of Eights
4738,88K63,1P,Pair of Eights
4739,88K62,1P,Pair of Eights
4740,88K54,1P,Pair of Eights
4741,88K53,1P,Pair of Eights
4742,88K52,1P,Pair of Eights
4743,88K43,1P,Pair of Eights
4744,88K42,1P,Pair of Eights
4745,88K32,1P,Pair of Eights
4746,88QJT,1P,Pair of Eights
4747,88QJ9,1P,Pair of Eights
4748,88QJ7,1P,Pair of Eights
4749,88QJ6,1P,Pair of Eights
4750,88QJ5,1P,Pair of Eights
4751,88QJ4,1P,Pair of Eights
4752,88QJ3,1P,Pair of Eights
4753,88QJ2,1P,Pair of Eights
4754,88QT9,1P,Pair of Eights
4755,88QT7,1P,Pair of Eights
4756,88QT6,1P,Pair of Eights
4757,88QT5,1P,Pair of Eights
4758,88QT4,1P,Pair of Eights
4759,88QT3,1P,Pair of Eights
4760,88QT2,1P,Pair of Eights
4761,88Q97,1P,Pair of Eights
4762,88Q96,1P,Pair of Eights
4763,88Q95,1P,Pair of Eights
4764,88Q94,1P,Pair of Eights
4765,88Q93,1P,Pair of Eights
4766,88Q92,1P,Pair of Eights
4767,88Q76,1P,Pair of Eights
4768,88Q75,1P,Pair of Eights
4769,88Q74,1P,Pair of Eights
4770,88Q73,1P,Pair of Eights
4771,88Q72,1P,Pair of Eights
4772,88Q65,1P,Pair of Eights
4773,88Q64,1P,Pair of Eights
4774,88Q63,1P,Pair of Eights
4775,88Q62,1P,Pair of Eights
4776,88Q54,1P,Pair of Eights
4777,88Q53,1P,Pair of Eights
4778,88Q52,1P,Pair of Eights
4779,88Q43,1P,Pair of Eights
4780,88Q42,1P,Pair of Eights
4781,88Q32,1P,Pair of Eights
4782,88JT9,1P,Pair of Eights
4783,88JT7,1P,Pair of Eights
4784,88JT6,1P,Pair of Eights
4785,88JT5,1P,Pair of Eights
4786,88JT4,1P,Pair of Eights
4787,88JT3,1P,Pair of Eights
4788,88JT2,1P,Pair of Eights
4789,88J97,1P,Pair of Eights
4790,88J96,1P,Pair of Eights
4791,88J95,1P,Pair of Eights
4792,88J94,1P,Pair of Eights
4793,88J93,1P,Pair of Eights
4794,88J92,1P,Pair of Eights
4795,88J76,1P,Pair of Eights
4796,88J75,1P,Pair of Eights
4797,88J74,1P,Pair of Eights
4798,88J73,1P,Pair of Eights
4799,88J72,1P,Pair of Eights
4800,88J65,1P,Pair of Eights
4801,88J64,1P,Pair of Eights
4802,88J63,1P,Pair of Eights
4803,88J62,1P,Pair of Eights
4804,88J54,1P,Pair of Eights
4805,88J53,1P,Pair of Eights
4806,88J52,1P,Pair of Eights
4807,88J43,1P,Pair of Eights
4808,88J42,1P,Pair of Eights
4809,88J32,1P,Pair of Eights
4810,88T97,1P,Pair of Eights
4811,88T96,1P,Pair of Eights
4812,88T95,1P,Pair of Eights
4813,88T94,1P,Pair of Eights
4814,88T93,1P,Pair of Eights
4815,88T92,1P,Pair of Eights
4816,88T76,1P,Pair of Eights
4817,88T75,1P,Pair of Eights
4818,88T74,1P,Pair of Eights
4819,88T73,1P,Pair of Eights
4820,88T72,1P,Pair of Eights
4821,88T65,1P,Pair of Eights
4822,88T64,1P,Pair of Eights
4823,88T63,1P,Pair of Eights
4824,88T62,1P,Pair of Eights
4825,88T54,1P,Pair of Eights
4826,88T53,1P,Pair of Eights
4827,88T52,1P,Pair of Eights
4828,88T43,1P,Pair of Eights
4829,88T42,1P,Pair of Eights
4830,88T32,1P,Pair of Eights
4831,88976,1P,Pair of Eights
4832,88975,1P,Pair of Eights
4833,88974,1P,Pair of Eights
4834,88973,1P,Pair of Eights
4835,88972,1P,Pair of Eights
4836,88965,1P,Pair of Eights
4837,88964,1P,Pair of Eights
4838,88963,1P,Pair of Eights
4839,88962,1P,Pair of Eights
4840,88954,1P,Pair of Eights
4841,88953,1P,Pair of Eights
4842,88952,1P,Pair of Eights
4843,88943,1P,Pair of Eights
4844,88942,1P,Pair of Eights
4845,88932,1P,Pair of Eights
4846,88765,1P,Pair of Eights
4847,88764,1P,Pair of Eights
4848,88763,1P,Pair of Eights
4849,88762,1P,Pair of Eights
4850,88754,1P,Pair of Eights
4851,88753,1P,Pair of Eights
4852,88752,1P,Pair of Eights
4853,88743,1P,Pair of Eights
4854,88742,1P,Pair of Eights
4855,88732,1P,Pair of Eights
4856,88654,1P,Pair of Eights
4857,88653,1P,Pair of Eights
4858,88652,1P,Pair of Eights
4859,88643,1P,Pair of Eights
4860,88642,1P,Pair of Eights
4861,88632,1P,Pair of Eights
4862,88543,1P,Pair of Eights
4863,88542,1P,Pair of Eights
4864,88532,1P,Pair of Eights
4865,88432,1P,Pair of Eights
4866,77AKQ,1P,Pair of Sevens
4867,77AKJ,1P,Pair of Sevens
4868,77AKT,1P,Pair of Sevens
4869,77AK9,1P,Pair of Sevens
4870,77AK8,1P,Pair of Sevens
4871,77AK6,1P,Pair of Sevens
4872,77AK5,1P,Pair of Sevens
4873,77AK4,1P,Pair of Sevens
4874,77AK3,1P,Pair of Sevens
4875,77AK2,1P,Pair of Sevens
4876,77AQJ,1P,Pair of Sevens
4877,77AQT,1P,Pair of Sevens
4878,77AQ9,1P,Pair of Sevens
4879,77AQ8,1P,Pair of Sevens
4880,77AQ6,1P,Pair of Sevens
4881,77AQ5,1P,Pair of Sevens
4882,77AQ4,1P,Pair of Sevens
4883,77AQ3,1P,Pair of Sevens
4884,77AQ2,1P,Pair of Sevens
4885,77AJT,1P,Pair of Sevens
4886,77AJ9,1P,Pair of Sevens
4887,77AJ8,1P,Pair of Sevens
4888,77AJ6,1P,Pair of Sevens
4889,77AJ5,1P,Pair of Sevens
4890,77AJ4,1P,Pair of Sevens
4891,77AJ3,1P,Pair of Sevens
4892,77AJ2,1P,Pair of Sevens
4893,77AT9,1P,Pair of Sevens
4894,77AT8,1P,Pair of Sevens
4895,77AT6,1P,Pair of Sevens
4896,77AT5,1P,Pair of Sevens
4897,77AT4,1P,Pair of Sevens
4898,77AT3,1P,Pair of Sevens
4899,77AT2,1P,Pair of Sevens
4900,77A98,1P,Pair of Sevens
4901,77A96,1P,Pair of Sevens
4902,77A95,1P,Pair of Sevens
4903,77A94,1P,Pair of Sevens
4904,77A93,1P,Pair of Sevens
4905,77A92,1P,Pair of Sevens
4906,77A86,1P,Pair of Sevens
4907,77A85,1P,Pair of Sevens
4908,77A84,1P,Pair of Sevens
4909,77A83,1P,Pair of Sevens
4910,77A82,1P,Pair of Sevens
4911,77A65,1P,Pair of Sevens
4912,77A64,1P,Pair of Sevens
4913,77A63,1P,Pair of Sevens
4914,77A62,1P,Pair of Sevens
4915,77A54,1P,Pair of Sevens
4916,77A53,1P,Pair of Sevens
4917,77A52,1P,Pair of Sevens
4918,77A43,1P,Pair of Sevens
4919,77A42,1P,Pair of Sevens
4920,77A32,1P,Pair of Sevens
4921,77KQJ,1P,Pair of Sevens
4922,77KQT,1P,Pair of Sevens
4923,77KQ9,1P,Pair of Sevens
4924,77KQ8,1P,Pair of Sevens
4925,77KQ6,1P,Pair of Sevens
4926,77KQ5,1P,Pair of Sevens
4927,77KQ4,1P,Pair of Sevens
4928,77KQ3,1P,Pair of Sevens
4929,77KQ2,1P,Pair of Sevens
4930,77KJT,1P,Pair of Sevens
4931,77KJ9,1P,Pair of Sevens
4932,77KJ8,1P,Pair of Sevens
4933,77KJ6,1P,Pair of Sevens
4934,77KJ5,1P,Pair of Sevens
4935,77KJ4,1P,Pair of Sevens
4936,77KJ3,1P,Pair of Sevens
4937,77KJ2,1P,Pair of Sevens
4938,77KT9,1P,Pair of Sevens
4939,77KT8,1P,Pair of Sevens
4940,77KT6,1P,Pair of Sevens
4941,77KT5,1P,Pair of Sevens
4942,77KT4,1P,Pair of Sevens
4943,77KT3,1P,Pair of Sevens
4944,77KT2,1P,Pair of Sevens
4945,77K98,1P,Pair of Sevens
4946,77K96,1P,Pair of Sevens
4947,77K95,1P,Pair of Sevens
4948,77K94,1P,Pair of Sevens
4949,77K93,1P,Pair of Sevens
4950,77K92,1P,Pair of Sevens
4951,77K86,1P,Pair of Sevens
4952,77K85,1P,Pair of Sevens
4953,77K84,1P,Pair of Sevens
4954,77K83,1P,Pair of Sevens
4955,77K82,1P,Pair of Sevens
4956,77K65,1P,Pair of Sevens
4957,77K64,1P,Pair of Sevens
4958,77K63,1P,Pair of Sevens
4959,77K62,1P,Pair of Sevens
4960,77K54,1P,Pair of Sevens
4961,77K53,1P,Pair of Sevens
4962,77K52,1P,Pair of Sevens
4963,77K43,1P,Pair of Sevens
4964,77K42,1P,Pair of Sevens
4965,77K32,1P,Pair of Sevens
4966,77QJT,1P,Pair of Sevens
4967,77QJ9,1P,Pair of Sevens
4968,77QJ8,1P,Pair of Sevens
4969,77QJ6,1P,Pair of Sevens
4970,77QJ5,1P,Pair of Sevens
4971,77QJ4,1P,Pair of Sevens
4972,77QJ3,1P,Pair of Sevens
4973,77QJ2,1P,Pair of Sevens
4974,77QT9,1P,Pair of Sevens
4975,77QT8,1P,Pair of Sevens
4976,77QT6,1P,Pair of Sevens
4977,77QT5,1P,Pair of Sevens
4978,77QT4,1P,Pair of Sevens
4979,77QT3,1P,Pair of Sevens
4980,77QT2,1P,Pair of Sevens
4981,77Q98,1P,Pair of Sevens
4982,77Q96,1P,Pair of Sevens
4983,77Q95,1P,Pair of Sevens
4984,77Q94,1P,Pair of Sevens
4985,77Q93,1P,Pair of Sevens
4986,77Q92,1P,Pair of Sevens
4987,77Q86,1P,Pair of Sevens
4988,77Q85,1P,Pair of Sevens
4989,77Q84,1P,Pair of Sevens
4990,77Q83,1P,Pair of Sevens
4991,77Q82,1P,Pair of Sevens
4992,77Q65,1P,Pair of Sevens
4993,77Q64,1P,Pair of Sevens
4994,77Q63,1P,Pair of Sevens
4995,77Q62,1P,Pair of Sevens
4996,77Q54,1P,Pair of Sevens
4997,77Q53,1P,Pair of Sevens
4998,77Q52,1P,Pair of Sevens
4999,77Q43,1P,Pair of Sevens
5000,77Q42,1P,Pair of Sevens
5001,77Q32,1P,Pair of Sevens
5002,77JT9,1P,Pair of Sevens
5003,77JT8,1P,Pair of Sevens
5004,77JT6,1P,Pair of Sevens
5005,77JT5,1P,Pair of Sevens
5006,77JT4,1P,Pair of Sevens
5007,77JT3,1P,Pair of Sevens
5008,77JT2,1P,Pair of Sevens
5009,77J98,1P,Pair of Sevens
5010,77J96,1P,Pair of Sevens
5011,77J95,1P,Pair of Sevens
5012,77J94,1P,Pair of Sevens
5013,77J93,1P,Pair of Sevens
5014,77J92,1P,Pair of Sevens
5015,77J86,1P,Pair of Sevens
5016,77J85,1P,Pair of Sevens
5017,77J84,1P,Pair of Sevens
5018,77J83,1P,Pair of Sevens
5019,77J82,1P,Pair of Sevens
5020,77J65,1P,Pair of Sevens
5021,77J64,1P,Pair of Sevens
5022,77J63,1P,Pair of Sevens
5023,77J62,1P,Pair of Sevens
5024,77J54,1P,Pair of Sevens
5025,77J53,1P,Pair of Sevens
5026,77J52,1P,Pair of Sevens
5027,77J43,1P,Pair of Sevens
5028,77J42,1P,Pair of Sevens
5029,77J32,1P,Pair of Sevens
5030,77T98,1P,Pair of Sevens
5031,77T96,1P,Pair of Sevens
5032,77T95,1P,Pair of Sevens
5033,77T94,1P,Pair of Sevens
5034,77T93,1P,Pair of Sevens
5035,77T92,1P,Pair of Sevens
5036,77T86,1P,Pair of Sevens
5037,77T85,1P,Pair of Sevens
5038,77T84,1P,Pair of Sevens
5039,77T83,1P,Pair of Sevens
5040,77T82,1P,Pair of Sevens
5041,77T65,1P,Pair of Sevens
5042,77T64,1P,Pair of Sevens
5043,77T63,1P,Pair of Sevens
5044,77T62,1P,Pair of Sevens
5045,77T54,1P,Pair of Sevens
5046,77T53,1P,Pair of Sevens
5047,77T52,1P,Pair of Sevens
5048,77T43,1P,Pair of Sevens
5049,77T42,1P,Pair of Sevens
5050,77T32,1P,Pair of Sevens
5051,77986,1P,Pair of Sevens
5052,77985,1P,Pair of Sevens
5053,77984,1P,Pair of Sevens
5054,77983,1P,Pair of Sevens
5055,77982,1P,Pair of Sevens
5056,77965,1P,Pair of Sevens
5057,77964,1P,Pair of Sevens
5058,77963,1P,Pair of Sevens
5059,77962,1P,Pair of Sevens
5060,77954,1P,Pair of Sevens
5061,77953,1P,Pair of Sevens
5062,77952,1P,Pair of Sevens
5063,77943,1P,Pair of Sevens
5064,77942,1P,Pair of Sevens
5065,77932,1P,Pair of Sevens
5066,77865,1P,Pair of Sevens
5067,77864,1P,Pair of Sevens
5068,77863,1P,Pair of Sevens
5069,77862,1P,Pair of Sevens
5070,77854,1P,Pair of Sevens
5071,77853,1P,Pair of Sevens
5072,77852,1P,Pair of Sevens
5073,77843,1P,Pair of Sevens
5074,77842,1P,Pair of Sevens
5075,77832,1P,Pair of Sevens
5076,77654,1P,Pair of Sevens
5077,77653,1P,Pair of Sevens
5078,77652,1P,Pair of Sevens
5079,77643,1P,Pair of Sevens
5080,77642,1P,Pair of Sevens
5081,77632,1P,Pair of Sevens
5082,77543,1P,Pair of Sevens
5083,77542,1P,Pair of Sevens
5084,77532,1P,Pair of Sevens
5085,77432,1P,Pair of Sevens
5086,66AKQ,1P,Pair of Sixes
5087,66AKJ,1P,Pair of Sixes
5088,66AKT,1P,Pair of Sixes
5089,66AK9,1P,Pair of Sixes
5090,66AK8,1P,Pair of Sixes
5091,66AK7,1P,Pair of Sixes
5092,66AK5,1P,Pair of Sixes
5093,66AK4,1P,Pair of Sixes
5094,66AK3,1P,Pair of Sixes
5095,66AK2,1P,Pair of Sixes
5096,66AQJ,1P,Pair of Sixes
5097,66AQT,1P,Pair of Sixes
5098,66AQ9,1P,Pair of Sixes
5099,66AQ8,1P,Pair of Sixes
5100,66AQ7,1P,Pair of Sixes
5101,66AQ5,1P,Pair of Sixes
5102,66AQ4,1P,Pair of Sixes
5103,66AQ3,1P,Pair of Sixes
5104,66AQ2,1P,Pair of Sixes
5105,66AJT,1P,Pair of Sixes
5106,66AJ9,1P,Pair of Sixes
5107,66AJ8,1P,Pair of Sixes
5108,66AJ7,1P,Pair of Sixes
5109,66AJ5,1P,Pair of Sixes
5110,66AJ4,1P,Pair of Sixes
5111,66AJ3,1P,Pair of Sixes
5112,66AJ2,1P,Pair of Sixes
5113,66AT9,1P,Pair of Sixes
5114,66AT8,1P,Pair of Sixes
5115,66AT7,1P,Pair of Sixes
5116,66AT5,1P,Pair of Sixes
5117,66AT4,1P,Pair of Sixes
5118,66AT3,1P,Pair of Sixes
5119,66AT2,1P,Pair of Sixes
5120,66A98,1P,Pair of Sixes
5121,66A97,1P,Pair of Sixes
5122,66A95,1P,Pair of Sixes
5123,66A94,1P,Pair of Sixes
5124,66A93,1P,Pair of Sixes
5125,66A92,1P,Pair of Sixes
5126,66A87,1P,Pair of Sixes
5127,66A85,1P,Pair of Sixes
5128,66A84,1P,Pair of Sixes
5129,66A83,1P,Pair of Sixes
5130,66A82,1P,Pair of Sixes
5131,66A75,1P,Pair of Sixes
5132,66A74,1P,Pair of Sixes
5133,66A73,1P,Pair of Sixes
5134,66A72,1P,Pair of Sixes
5135,66A54,1P,Pair of Sixes
5136,66A53,1P,Pair of Sixes
5137,66A52,1P,Pair of Sixes
5138,66A43,1P,Pair of Sixes
5139,66A42,1P,Pair of Sixes
5140,66A32,1P,Pair of Sixes
5141,66KQJ,1P,Pair of Sixes
5142,66KQT,1P,Pair of Sixes
5143,66KQ9,1P,Pair of Sixes
5144,66KQ8,1P,Pair of Sixes
5145,66KQ7,1P,Pair of Sixes
5146,66KQ5,1P,Pair of Sixes
5147,66KQ4,1P,Pair of Sixes
5148,66KQ3,1P,Pair of Sixes
5149,66KQ2,1P,Pair of Sixes
5150,66KJT,1P,Pair of Sixes
5151,66KJ9,1P,Pair of Sixes
5152,66KJ8,1P,Pair of Sixes
5153,66KJ7,1P,Pair of Sixes
5154,66KJ5,1P,Pair of Sixes
5155,66KJ4,1P,Pair of Sixes
5156,66KJ3,1P,Pair of Sixes
5157,66KJ2,1P,Pair of Sixes
5158,66KT9,1P,Pair of Sixes
5159,66KT8,1P,Pair of Sixes
5160,66KT7,1P,Pair of Sixes
5161,66KT5,1P,Pair of Sixes
5162,66KT4,1P,Pair of Sixes
5163,66KT3,1P,Pair of Sixes
5164,66KT2,1P,Pair of Sixes
5165,66K98,1P,Pair of Sixes
5166,66K97,1P,Pair of Sixes
5167,66K95,1P,Pair of Sixes
5168,66K94,1P,Pair of Sixes
5169,66K93,1P,Pair of Sixes
5170,66K92,1P,Pair of Sixes
5171,66K87,1P,Pair of Sixes
5172,66K85,1P,Pair of Sixes
5173,66K84,1P,Pair of Sixes
5174,66K83,1P,Pair of Sixes
5175,66K82,1P,Pair of Sixes
5176,66K75,1P,Pair of Sixes
5177,66K74,1P,Pair of Sixes
5178,66K73,1P,Pair of Sixes
5179,66K72,1P,Pair of Sixes
5180,66K54,1P,Pair of Sixes
5181,66K53,1P,Pair of Sixes
5182,66K52,1P,Pair of Sixes
5183,66K43,1P,Pair of Sixes
5184,66K42,1P,Pair of Sixes
5185,66K32,1P,Pair of Sixes
5186,66QJT,1P,Pair of Sixes
5187,66QJ9,1P,Pair of Sixes
5188,66QJ8,1P,Pair of Sixes
5189,66QJ7,1P,Pair of Sixes
5190,66QJ5,1P,Pair of Sixes
5191,66QJ4,1P,Pair of Sixes
5192,66QJ3,1P,Pair of Sixes
5193,66QJ2,1P,Pair of Sixes
5194,66QT9,1P,Pair of Sixes
5195,66QT8,1P,Pair of Sixes
5196,66QT7,1P,Pair of Sixes
5197,66QT5,1P,Pair of Sixes
5198,66QT4,1P,Pair of Sixes
5199,66QT3,1P,Pair of Sixes
5200,66QT2,1P,Pair of Sixes
5201,66Q98,1P,Pair of Sixes
5202,66Q97,1P,Pair of Sixes
5203,66Q95,1P,Pair of Sixes
5204,66Q94,1P,Pair of Sixes
5205,66Q93,1P,Pair of Sixes
5206,66Q92,1P,Pair of Sixes
5207,66Q87,1P,Pair of Sixes
5208,66Q85,1P,Pair of Sixes
5209,66Q84,1P,Pair of Sixes
5210,66Q83,1P,Pair of Sixes
5211,66Q82,1P,Pair of Sixes
5212,66Q75,1P,Pair of Sixes
5213,66Q74,1P,Pair of Sixes
5214,66Q73,1P,Pair of Sixes
5215,66Q72,1P,Pair of Sixes
5216,66Q54,1P,Pair of Sixes
5217,66Q53,1P,Pair of Sixes
5218,66Q52,1P,Pair of Sixes
5219,66Q43,1P,Pair of Sixes
5220,66Q42,1P,Pair of Sixes
5221,66Q32,1P,Pair of Sixes
5222,66JT9,1P,Pair of Sixes
5223,66JT8,1P,Pair of Sixes
5224,66JT7,1P,Pair of Sixes
5225,66JT5,1P,Pair of Sixes
5226,66JT4,1P,Pair of Sixes
5227,66JT3,1P,Pair of Sixes
5228,66JT2,1P,Pair of Sixes
5229,66J98,1P,Pair of Sixes
5230,66J97,1P,Pair of Sixes
5231,66J95,1P,Pair of Sixes
5232,66J94,1P,Pair of Sixes
5233,66J93,1P,Pair of Sixes
5234,66J92,1P,Pair of Sixes
5235,66J87,1P,Pair of Sixes
5236,66J85,1P,Pair of Sixes
5237,66J84,1P,Pair of Sixes
5238,66J83,1P,Pair of Sixes
5239,66J82,1P,Pair of Sixes
5240,66J75,1P,Pair of Sixes
5241,66J74,1P,Pair of Sixes
5242,66J73,1P,Pair of Sixes
5243,66J72,1P,Pair of Sixes
5244,66J54,1P,Pair of Sixes
5245,66J53,1P,Pair of Sixes
5246,66J52,1P,Pair of Sixes
5247,66J43,1P,Pair of Sixes
5248,66J42,1P,Pair of Sixes
5249,66J32,1P,Pair of Sixes
5250,66T98,1P,Pair of Sixes
5251,66T97,1P,Pair of Sixes
5252,66T95,1P,Pair of Sixes
5253,66T94,1P,Pair of Sixes
5254,66T93,1P,Pair of Sixes
5255,66T92,1P,Pair of Sixes
5256,66T87,1P,Pair of Sixes
5257,66T85,1P,Pair of Sixes
5258,66T84,1P,Pair of Sixes
5259,66T83,1P,Pair of Sixes
5260,66T82,1P,Pair of Sixes
5261,66T75,1P,Pair of Sixes
5262,66T74,1P,Pair of Sixes
5263,66T73,1P,Pair of Sixes
5264,66T72,1P,Pair of Sixes
5265,66T54,1P,Pair of Sixes
5266,66T53,1P,Pair of Sixes
5267,66T52,1P,Pair of Sixes
5268,66T43,1P,Pair of Sixes
5269,66T42,1P,Pair of Sixes
5270,66T32,1P,Pair of Sixes
5271,66987,1P,Pair of Sixes
5272,66985,1P,Pair of Sixes
5273,66984,1P,Pair of Sixes
5274,66983,1P,Pair of Sixes
5275,66982,1P,Pair of Sixes
5276,66975,1P,Pair of Sixes
5277,66974,1P,Pair of Sixes
5278,66973,1P,Pair of Sixes
5279,66972,1P,Pair of Sixes
5280,66954,1P,Pair of Sixes
5281,66953,1P,Pair of Sixes
5282,66952,1P,Pair of Sixes
5283,66943,1P,Pair of Sixes
5284,66942,1P,Pair of Sixes
5285,66932,1P,Pair of Sixes
5286,66875,1P,Pair of Sixes
5287,66874,1P,Pair of Sixes
5288,66873,1P,Pair of Sixes
5289,66872,1P,Pair of Sixes
5290,66854,1P,Pair of Sixes
5291,66853,1P,Pair of Sixes
5292,66852,1P,Pair of Sixes
5293,66843,1P,Pair of Sixes
5294,66842,1P,Pair of Sixes
5295,66832,1P,Pair of Sixes
5296,66754,1P,Pair of Sixes
5297,66753,1P,Pair of Sixes
5298,66752,1P,Pair of Sixes
5299,66743,1P,Pair of Sixes
5300,66742,1P,Pair of Sixes
5301,66732,1P,Pair of Sixes
5302,66543,1P,Pair of Sixes
5303,66542,1P,Pair of Sixes
5304,66532,1P,Pair of Sixes
5305,66432,1P,Pair of Sixes
5306,55AKQ,1P,Pair of Fives
5307,55AKJ,1P,Pair of Fives
5308,55AKT,1P,Pair of Fives
5309,55AK9,1P,Pair of Fives
5310,55AK8,1P,Pair of Fives
5311,55AK7,1P,Pair of Fives
5312,55AK6,1P,Pair of Fives
5313,55AK4,1P,Pair of Fives
5314,55AK3,1P,Pair of Fives
5315,55AK2,1P,Pair of Fives
5316,55AQJ,1P,Pair of Fives
5317,55AQT,1P,Pair of Fives
5318,55AQ9,1P,Pair of Fives
5319,55AQ8,1P,Pair of Fives
5320,55AQ7,1P,Pair of Fives
5321,55AQ6,1P,Pair of Fives
5322,55AQ4,1P,Pair of Fives
5323,55AQ3,1P,Pair of Fives
5324,55AQ2,1P,Pair of Fives
5325,55AJT,1P,Pair of Fives
5326,55AJ9,1P,Pair of Fives
5327,55AJ8,1P,Pair of Fives
5328,55AJ7,1P,Pair of Fives
5329,55AJ6,1P,Pair of Fives
5330,55AJ4,1P,Pair of Fives
5331,55AJ3,1P,Pair of Fives
5332,55AJ2,1P,Pair of Fives
5333,55AT9,1P,Pair of Fives
5334,55AT8,1P,Pair of Fives
5335,55AT7,1P,Pair of Fives
5336,55AT6,1P,Pair of Fives
5337,55AT4,1P,Pair of Fives
5338,55AT3,1P,Pair of Fives
5339,55AT2,1P,Pair of Fives
5340,55A98,1P,Pair of Fives
5341,55A97,1P,Pair of Fives
5342,55A96,1P,Pair of Fives
5343,55A94,1P,Pair of Fives
5344,55A93,1P,Pair of Fives
5345,55A92,1P,Pair of Fives
5346,55A87,1P,Pair of Fives
5347,55A86,1P,Pair of Fives
5348,55A84,1P,Pair of Fives
5349,55A83,1P,Pair of Fives
5350,55A82,1P,Pair of Fives
5351,55A76,1P,Pair of Fives
5352,55A74,1P,Pair of Fives
5353,55A73,1P,Pair of Fives
5354,55A72,1P,Pair of Fives
5355,55A64,1P,Pair of Fives
5356,55A63,1P,Pair of Fives
5357,55A62,1P,Pair of Fives
5358,55A43,1P,Pair of Fives
5359,55A42,1P,Pair of Fives
5360,55A32,1P,Pair of Fives
5361,55KQJ,1P,Pair of Fives
5362,55KQT,1P,Pair of Fives
5363,55KQ9,1P,Pair of Fives
5364,55KQ8,1P,Pair of Fives
5365,55KQ7,1P,Pair of Fives
5366,55KQ6,1P,Pair of Fives
5367,55KQ4,1P,Pair of Fives
5368,55KQ3,1P,Pair of Fives
5369,55KQ2,1P,Pair of Fives
5370,55KJT,1P,Pair of Fives
5371,55KJ9,1P,Pair of Fives
5372,55KJ8,1P,Pair of Fives
5373,55KJ7,1P,Pair of Fives
5374,55KJ6,1P,Pair of Fives
5375,55KJ4,1P,Pair of Fives
5376,55KJ3,1P,Pair of Fives
5377,55KJ2,1P,Pair of Fives
5378,55KT9,1P,Pair of Fives
5379,55KT8,1P,Pair of Fives
5380,55KT7,1P,Pair of Fives
5381,55KT6,1P,Pair of Fives
5382,55KT4,1P,Pair of Fives
5383,55KT3,1P,Pair of Fives
5384,55KT2,1P,Pair of Fives
5385,55K98,1P,Pair of Fives
5386,55K97,1P,Pair of Fives
5387,55K96,1P,Pair of Fives
5388,55K94,1P,Pair of Fives
5389,55K93,1P,Pair of Fives
5390,55K92,1P,Pair of Fives
5391,55K87,1P,Pair of Fives
5392,55K86,1P,Pair of Fives
5393,55K84,1P,Pair of Fives
5394,55K83,1P,Pair of Fives
5395,55K82,1P,Pair of Fives
5396,55K76,1P,Pair of Fives
5397,55K74,1P,Pair of Fives
5398,55K73,1P,Pair of Fives
5399,55K72,1P,Pair of Fives
5400,55K64,1P,Pair of Fives
5401,55K63,1P,Pair of Fives
5402,55K62,1P,Pair of Fives
5403,55K43,1P,Pair of Fives
5404,55K42,1P,Pair of Fives
5405,55K32,1P,Pair of Fives
5406,55QJT,1P,Pair of Fives
5407,55QJ9,1P,Pair of Fives
5408,55QJ8,1P,Pair of Fives
5409,55QJ7,1P,Pair of Fives
5410,55QJ6,1P,Pair of Fives
5411,55QJ4,1P,Pair of Fives
5412,55QJ3,1P,Pair of Fives
5413,55QJ2,1P,Pair of Fives
5414,55QT9,1P,Pair of Fives
5415,55QT8,1P,Pair of Fives
5416,55QT7,1P,Pair of Fives
5417,55QT6,1P,Pair of Fives
5418,55QT4,1P,Pair of Fives
5419,55QT3,1P,Pair of Fives
5420,55QT2,1P,Pair of Fives
5421,55Q98,1P,Pair of Fives
5422,55Q97,1P,Pair of Fives
5423,55Q96,1P,Pair of Fives
5424,55Q94,1P,Pair of Fives
5425,55Q93,1P,Pair of Fives
5426,55Q92,1P,Pair of Fives
5427,55Q87,1P,Pair of Fives
5428,55Q86,1P,Pair of Fives
5429,55Q84,1P,Pair of Fives
5430,55Q83,1P,Pair of Fives
5431,55Q82,1P,Pair of Fives
5432,55Q76,1P,Pair of Fives
5433,55Q74,1P,Pair of Fives
5434,55Q73,1P,Pair of Fives
5435,55Q72,1P,Pair of Fives
5436,55Q64,1P,Pair of Fives
5437,55Q63,1P,Pair of Fives
5438,55Q62,1P,Pair of Fives
5439,55Q43,1P,Pair of Fives
5440,55Q42,1P,Pair of Fives
5441,55Q32,1P,Pair of Fives
5442,55JT9,1P,Pair of Fives
5443,55JT8,1P,Pair of Fives
5444,55JT7,1P,Pair of Fives
5445,55JT6,1P,Pair of Fives
5446,55JT4,1P,Pair of Fives
5447,55JT3,1P,Pair of Fives
5448,55JT2,1P,Pair of Fives
5449,55J98,1P,Pair of Fives
5450,55J97,1P,Pair of Fives
5451,55J96,1P,Pair of Fives
5452,55J94,1P,Pair of Fives
5453,55J93,1P,Pair of Fives
5454,55J92,1P,Pair of Fives
5455,55J87,1P,Pair of Fives
5456,55J86,1P,Pair of Fives
5457,55J84,1P,Pair of Fives
5458,55J83,1P,Pair of Fives
5459,55J82,1P,Pair of Fives
5460,55J76,1P,Pair of Fives
5461,55J74,1P,Pair of Fives
5462,55J73,1P,Pair of Fives
5463,55J72,1P,Pair of Fives
5464,55J64,1P,Pair of Fives
5465,55J63,1P,Pair of Fives
5466,55J62,1P,Pair of Fives
5467,55J43,1P,Pair of Fives
5468,55J42,1P,Pair of Fives
5469,55J32,1P,Pair of Fives
5470,55T98,1P,Pair of Fives
5471,55T97,1P,Pair of Fives
5472,55T96,1P,Pair of Fives
5473,55T94,1P,Pair of Fives
5474,55T93,1P,Pair of Fives
5475,55T92,1P,Pair of Fives
5476,55T87,1P,Pair of Fives
5477,55T86,1P,Pair of Fives
5478,55T84,1P,Pair of Fives
5479,55T83,1P,Pair of Fives
5480,55T82,1P,Pair of Fives
5481,55T76,1P,Pair of Fives
5482,55T74,1P,Pair of Fives
5483,55T73,1P,Pair of Fives
5484,55T72,1P,Pair of Fives
5485,55T64,1P,Pair of Fives
5486,55T63,1P,Pair of Fives
5487,55T62,1P,Pair of Fives
5488,55T43,1P,Pair of Fives
5489,55T42,1P,Pair of Fives
5490,55T32,1P,Pair of Fives
5491,55987,1P,Pair of Fives
5492,55986,1P,Pair of Fives
5493,55984,1P,Pair of Fives
5494,55983,1P,Pair of Fives
5495,55982,1P,Pair of Fives
5496,55976,1P,Pair of Fives
5497,55974,1P,Pair of Fives
5498,55973,1P,Pair of Fives
5499,55972,1P,Pair of Fives
5500,55964,1P,Pair of Fives
5501,55963,1P,Pair of Fives
5502,55962,1P,Pair of Fives
5503,55943,1P,Pair of Fives
5504,55942,1P,Pair of Fives
5505,55932,1P,Pair of Fives
5506,55876,1P,Pair of Fives
5507,55874,1P,Pair of Fives
5508,55873,1P,Pair of Fives
5509,55872,1P,Pair of Fives
5510,55864,1P,Pair of Fives
5511,55863,1P,Pair of Fives
5512,55862,1P,Pair of Fives
5513,55843,1P,Pair of Fives
5514,55842,1P,Pair of Fives
5515,55832,1P,Pair of Fives
5516,55764,1P,Pair of Fives
5517,55763,1P,Pair of Fives
5518,55762,1P,Pair of Fives
5519,55743,1P,Pair of Fives
5520,55742,1P,Pair of Fives
5521,55732,1P,Pair of Fives
5522,55643,1P,Pair of Fives
5523,55642,1P,Pair of Fives
5524,55632,1P,Pair of Fives
5525,55432,1P,Pair of Fives
5526,44AKQ,1P,Pair of Fours
5527,44AKJ,1P,Pair of Fours
5528,44AKT,1P,Pair of Fours
5529,44AK9,1P,Pair of Fours
5530,44AK8,1P,Pair of Fours
5531,44AK7,1P,Pair of Fours
5532,44AK6,1P,Pair of Fours
5533,44AK5,1P,Pair of Fours
5534,44AK3,1P,Pair of Fours
5535,44AK2,1P,Pair of Fours
5536,44AQJ,1P,Pair of Fours
5537,44AQT,1P,Pair of Fours
5538,44AQ9,1P,Pair of Fours
5539,44AQ8,1P,Pair of Fours
5540,44AQ7,1P,Pair of Fours
5541,44AQ6,1P,Pair of Fours
5542,44AQ5,1P,Pair of Fours
5543,44AQ3,1P,Pair of Fours
5544,44AQ2,1P,Pair of Fours
5545,44AJT,1P,Pair of Fours
5546,44AJ9,1P,Pair of Fours
5547,44AJ8,1P,Pair of Fours
5548,44AJ7,1P,Pair of Fours
5549,44AJ6,1P,Pair of Fours
5550,44AJ5,1P,Pair of Fours
5551,44AJ3,1P,Pair of Fours
5552,44AJ2,1P,Pair of Fours
5553,44AT9,1P,Pair of Fours
5554,44AT8,1P,Pair of Fours
5555,44AT7,1P,Pair of Fours
5556,44AT6,1P,Pair of Fours
5557,44AT5,1P,Pair of Fours
5558,44AT3,1P,Pair of Fours
5559,44AT2,1P,Pair of Fours
5560,44A98,1P,Pair of Fours
5561,44A97,1P,Pair of Fours
5562,44A96,1P,Pair of Fours
5563,44A95,1P,Pair of Fours
5564,44A93,1P,Pair of Fours
5565,44A92,1P,Pair of Fours
5566,44A87,1P,Pair of Fours
5567,44A86,1P,Pair of Fours
5568,44A85,1P,Pair of Fours
5569,44A83,1P,Pair of Fours
5570,44A82,1P,Pair of Fours
5571,44A76,1P,Pair of Fours
5572,44A75,1P,Pair of Fours
5573,44A73,1P,Pair of Fours
5574,44A72,1P,Pair of Fours
5575,44A65,1P,Pair of Fours
5576,44A63,1P,Pair of Fours
5577,44A62,1P,Pair of Fours
5578,44A53,1P,Pair of Fours
5579,44A52,1P,Pair of Fours
5580,44A32,1P,Pair of Fours
5581,44KQJ,1P,Pair of Fours
5582,44KQT,1P,Pair of Fours
5583,44KQ9,1P,Pair of Fours
5584,44KQ8,1P,Pair of Fours
5585,44KQ7,1P,Pair of Fours
5586,44KQ6,1P,Pair of Fours
5587,44KQ5,1P,Pair of Fours
5588,44KQ3,1P,Pair of Fours
5589,44KQ2,1P,Pair of Fours
5590,44KJT,1P,Pair of Fours
5591,44KJ9,1P,Pair of Fours
5592,44KJ8,1P,Pair of Fours
5593,44KJ7,1P,Pair of Fours
5594,44KJ6,1P,Pair of Fours
5595,44KJ5,1P,Pair of Fours
5596,44KJ3,1P,Pair of Fours
5597,44KJ2,1P,Pair of Fours
5598,44KT9,1P,Pair of Fours
5599,44KT8,1P,Pair of Fours
5600,44KT7,1P,Pair of Fours
5601,44KT6,1P,Pair of Fours
5602,44KT5,1P,Pair of Fours
5603,44KT3,1P,Pair of Fours
5604,44KT2,1P,Pair of Fours
5605,44K98,1P,Pair of Fours
5606,44K97,1P,Pair of Fours
5607,44K96,1P,Pair of Fours
5608,44K95,1P,Pair of Fours
5609,44K93,1P,Pair of Fours
5610,44K92,1P,Pair of Fours
5611,44K87,1P,Pair of Fours
5612,44K86,1P,Pair of Fours
5613,44K85,1P,Pair of Fours
5614,44K83,1P,Pair of Fours
5615,44K82,1P,Pair of Fours
5616,44K76,1P,Pair of Fours
5617,44K75,1P,Pair of Fours
5618,44K73,1P,Pair of Fours
5619,44K72,1P,Pair of Fours
5620,44K65,1P,Pair of Fours
5621,44K63,1P,Pair of Fours
5622,44K62,1P,Pair of Fours
5623,44K53,1P,Pair of Fours
5624,44K52,1P,Pair of Fours
5625,44K32,1P,Pair of Fours
5626,44QJT,1P,Pair of Fours
5627,44QJ9,1P,Pair of Fours
5628,44QJ8,1P,Pair of Fours
5629,44QJ7,1P,Pair of Fours
5630,44QJ6,1P,Pair of Fours
5631,44QJ5,1P,Pair of Fours
5632,44QJ3,1P,Pair of Fours
5633,44QJ2,1P,Pair of Fours
5634,44QT9,1P,Pair of Fours
5635,44QT8,1P,Pair of Fours
5636,44QT7,1P,Pair of Fours
5637,44QT6,1P,Pair of Fours
5638,44QT5,1P,Pair of Fours
5639,44QT3,1P,Pair of Fours
5640,44QT2,1P,Pair of Fours
5641,44Q98,1P,Pair of Fours
5642,44Q97,1P,Pair of Fours
5643,44Q96,1P,Pair of Fours
5644,44Q95,1P,Pair of Fours
5645,44Q93,1P,Pair of Fours
5646,44Q92,1P,Pair of Fours
5647,44Q87,1P,Pair of Fours
5648,44Q86,1P,Pair of Fours
5649,44Q85,1P,Pair of Fours
5650,44Q83,1P,Pair of Fours
5651,44Q82,1P,Pair of Fours
5652,44Q76,1P,Pair of Fours
5653,44Q75,1P,Pair of Fours
5654,44Q73,1P,Pair of Fours
5655,44Q72,1P,Pair of Fours
5656,44Q65,1P,Pair of Fours
5657,44Q63,1P,Pair of Fours
5658,44Q62,1P,Pair of Fours
5659,44Q53,1P,Pair of Fours
5660,44Q52,1P,Pair of Fours
5661,44Q32,1P,Pair of Fours
5662,44JT9,1P,Pair of Fours
5663,44JT8,1P,Pair of Fours
5664,44JT7,1P,Pair of Fours
5665,44JT6,1P,Pair of Fours
5666,44JT5,1P,Pair of Fours
5667,44JT3,1P,Pair of Fours
5668,44JT2,1P,Pair of Fours
5669,44J98,1P,Pair of Fours
5670,44J97,1P,Pair of Fours
5671,44J96,1P,Pair of Fours
5672,44J95,1P,Pair of Fours
5673,44J93,1P,Pair of Fours
5674,44J92,1P,Pair of Fours
5675,44J87,1P,Pair of Fours
5676,44J86,1P,Pair of Fours
5677,44J85,1P,Pair of Fours
5678,44J83,1P,Pair of Fours
5679,44J82,1P,Pair of Fours
5680,44J76,1P,Pair of Fours
5681,44J75,1P,Pair of Fours
5682,44J73,1P,Pair of Fours
5683,44J72,1P,Pair of Fours
5684,44J65,1P,Pair of Fours
5685,44J63,1P,Pair of Fours
5686,44J62,1P,Pair of Fours
5687,44J53,1P,Pair of Fours
5688,44J52,1P,Pair of Fours
5689,44J32,1P,Pair of Fours
5690,44T98,1P,Pair of Fours
5691,44T97,1P,Pair of Fours
5692,44T96,1P,Pair of Fours
5693,44T95,1P,Pair of Fours
5694,44T93,1P,Pair of Fours
5695,44T92,1P,Pair of Fours
5696,44T87,1P,Pair of Fours
5697,44T86,1P,Pair of Fours
5698,44T85,1P,Pair of Fours
5699,44T83,1P,Pair of Fours
5700,44T82,1P,Pair of Fours
5701,44T76,1P,Pair of Fours
5702,44T75,1P,Pair of Fours
5703,44T73,1P,Pair of Fours
5704,44T72,1P,Pair of Fours
5705,44T65,1P,Pair of Fours
5706,44T63,1P,Pair of Fours
5707,44T62,1P,Pair of Fours
5708,44T53,1P,Pair of Fours
5709,44T52,1P,Pair of Fours
5710,44T32,1P,Pair of Fours
5711,44987,1P,Pair of Fours
5712,44986,1P,Pair of Fours
5713,44985,1P,Pair of Fours
5714,44983,1P,Pair of Fours
5715,44982,1P,Pair of Fours
5716,44976,1P,Pair of Fours
5717,44975,1P,Pair of Fours
5718,44973,1P,Pair of Fours
5719,44972,1P,Pair of Fours
5720,44965,1P,Pair of Fours
5721,44963,1P,Pair of Fours
5722,44962,1P,Pair of Fours
5723,44953,1P,Pair of Fours
5724,44952,1P,Pair of Fours
5725,44932,1P,Pair of Fours
5726,44876,1P,Pair of Fours
5727,44875,1P,Pair of Fours
5728,44873,1P,Pair of Fours
5729,44872,1P,Pair of Fours
5730,44865,1P,Pair of Fours
5731,44863,1P,Pair of Fours
5732,44862,1P,Pair of Fours
5733,44853,1P,Pair of Fours
5734,44852,1P,Pair of Fours
5735,44832,1P,Pair of Fours
5736,44765,1P,Pair of Fours
5737,44763,1P,Pair of Fours
5738,44762,1P,Pair of Fours
5739,44753,1P,Pair of Fours
5740,44752,1P,Pair of Fours
5741,44732,1P,Pair of Fours
5742,44653,1P,Pair of Fours
5743,44652,1P,Pair of Fours
5744,44632,1P,Pair of Fours
5745,44532,1P,Pair of Fours
5746,33AKQ,1P,Pair of Treys
5747,33AKJ,1P,Pair of Treys
5748,33AKT,1P,Pair of Treys
5749,33AK9,1P,Pair of Treys
5750,33AK8,1P,Pair of Treys
5751,33AK7,1P,Pair of Treys
5752,33AK6,1P,Pair of Treys
5753,33AK5,1P,Pair of Treys
5754,33AK4,1P,Pair of Treys
5755,33AK2,1P,Pair of Treys
5756,33AQJ,1P,Pair of Treys
5757,33AQT,1P,Pair of Treys
5758,33AQ9,1P,Pair of Treys
5759,33AQ8,1P,Pair of Treys
5760,33AQ7,1P,Pair of Treys
5761,33AQ6,1P,Pair of Treys
5762,33AQ5,1P,Pair of Treys
5763,33AQ4,1P,Pair of Treys
5764,33AQ2,1P,Pair of Treys
5765,33AJT,1P,Pair of Treys
5766,33AJ9,1P,Pair of Treys
5767,33AJ8,1P,Pair of Treys
5768,33AJ7,1P,Pair of Treys
5769,33AJ6,1P,Pair of Treys
5770,33AJ5,1P,Pair of Treys
5771,33AJ4,1P,Pair of Treys
5772,33AJ2,1P,Pair of Treys
5773,33AT9,1P,Pair of Treys
5774,33AT8,1P,Pair of Treys
5775,33AT7,1P,Pair of Treys
5776,33AT6,1P,Pair of Treys
5777,33AT5,1P,Pair of Treys
5778,33AT4,1P,Pair of Treys
5779,33AT2,1P,Pair of Treys
5780,33A98,1P,Pair of Treys
5781,33A97,1P,Pair of Treys
5782,33A96,1P,Pair of Treys
5783,33A95,1P,Pair of Treys
5784,33A94,1P,Pair of Treys
5785,33A92,1P,Pair of Treys
5786,33A87,1P,Pair of Treys
5787,33A86,1P,Pair of Treys
5788,33A85,1P,Pair of Treys
5789,33A84,1P,Pair of Treys
5790,33A82,1P,Pair of Treys
5791,33A76,1P,Pair of Treys
5792,33A75,1P,Pair of Treys
5793,33A74,1P,Pair of Treys
5794,33A72,1P,Pair of Treys
5795,33A65,1P,Pair of Treys
5796,33A64,1P,Pair of Treys
5797,33A62,1P,Pair of Treys
5798,33A54,1P,Pair of Treys
5799,33A52,1P,Pair of Treys
5800,33A42,1P,Pair of Treys
5801,33KQJ,1P,Pair of Treys
5802,33KQT,1P,Pair of Treys
5803,33KQ9,1P,Pair of Treys
5804,33KQ8,1P,Pair of Treys
5805,33KQ7,1P,Pair of Treys
5806,33KQ6,1P,Pair of Treys
5807,33KQ5,1P,Pair of Treys
5808,33KQ4,1P,Pair of Treys
5809,33KQ2,1P,Pair of Treys
5810,33KJT,1P,Pair of Treys
5811,33KJ9,1P,Pair of Treys
5812,33KJ8,1P,Pair of Treys
5813,33KJ7,1P,Pair of Treys
5814,33KJ6,1P,Pair of Treys
5815,33KJ5,1P,Pair of Treys
5816,33KJ4,1P,Pair of Treys
5817,33KJ2,1P,Pair of Treys
5818,33KT9,1P,Pair of Treys
5819,33KT8,1P,Pair of Treys
5820,33KT7,1P,Pair of Treys
5821,33KT6,1P,Pair of Treys
5822,33KT5,1P,Pair of Treys
5823,33KT4,1P,Pair of Treys
5824,33KT2,1P,Pair of Treys
5825,33K98,1P,Pair of Treys
5826,33K97,1P,Pair of Treys
5827,33K96,1P,Pair of Treys
5828,33K95,1P,Pair of Treys
5829,33K94,1P,Pair of Treys
5830,33K92,1P,Pair of Treys
5831,33K87,1P,Pair of Treys
5832,33K86,1P,Pair of Treys
5833,33K85,1P,Pair of Treys
5834,33K84,1P,Pair of Treys
5835,33K82,1P,Pair of Treys
5836,33K76,1P,Pair of Treys
5837,33K75,1P,Pair of Treys
5838,33K74,1P,Pair of Treys
5839,33K72,1P,Pair of Treys
5840,33K65,1P,Pair of Treys
5841,33K64,1P,Pair of Treys
5842,33K62,1P,Pair of Treys
5843,33K54,1P,Pair of Treys
5844,33K52,1P,Pair of Treys
5845,33K42,1P,Pair of Treys
5846,33QJT,1P,Pair of Treys
5847,33QJ9,1P,Pair of Treys
5848,33QJ8,1P,Pair of Treys
5849,33QJ7,1P,Pair of Treys
5850,33QJ6,1P,Pair of Treys
5851,33QJ5,1P,Pair of Treys
5852,33QJ4,1P,Pair of Treys
5853,33QJ2,1P,Pair of Treys
5854,33QT9,1P,Pair of Treys
5855,33QT8,1P,Pair of Treys
5856,33QT7,1P,Pair of Treys
5857,33QT6,1P,Pair of Treys
5858,33QT5,1P,Pair of Treys
5859,33QT4,1P,Pair of Treys
5860,33QT2,1P,Pair of Treys
5861,33Q98,1P,Pair of Treys
5862,33Q97,1P,Pair of Treys
5863,33Q96,1P,Pair of Treys
5864,33Q95,1P,Pair of Treys
5865,33Q94,1P,Pair of Treys
5866,33Q92,1P,Pair of Treys
5867,33Q87,1P,Pair of Treys
5868,33Q86,1P,Pair of Treys
5869,33Q85,1P,Pair of Treys
5870,33Q84,1P,Pair of Treys
5871,33Q82,1P,Pair of Treys
5872,33Q76,1P,Pair of Treys
5873,33Q75,1P,Pair of Treys
5874,33Q74,1P,Pair of Treys
5875,33Q72,1P,Pair of Treys
5876,33Q65,1P,Pair of Treys
5877,33Q64,1P,Pair of Treys
5878,33Q62,1P,Pair of Treys
5879,33Q54,1P,Pair of Treys
5880,33Q52,1P,Pair of Treys
5881,33Q42,1P,Pair of Treys
5882,33JT9,1P,Pair of Treys
5883,33JT8,1P,Pair of Treys
5884,33JT7,1P,Pair of Treys
5885,33JT6,1P,Pair of Treys
5886,33JT5,1P,Pair of Treys
5887,33JT4,1P,Pair of Treys
5888,33JT2,1P,Pair of Treys
5889,33J98,1P,Pair of Treys
5890,33J97,1P,Pair of Treys
5891,33J96,1P,Pair of Treys
5892,33J95,1P,Pair of Treys
5893,33J94,1P,Pair of Treys
5894,33J92,1P,Pair of Treys
5895,33J87,1P,Pair of Treys
5896,33J86,1P,Pair of Treys
5897,33J85,1P,Pair of Treys
5898,33J84,1P,Pair of Treys
5899,33J82,1P,Pair of Treys
5900,33J76,1P,Pair of Treys
5901,33J75,1P,Pair of Treys
5902,33J74,1P,Pair of Treys
5903,33J72,1P,Pair of Treys
5904,33J65,1P,Pair of Treys
5905,33J64,1P,Pair of Treys
5906,33J62,1P,Pair of Treys
5907,33J54,1P,Pair of Treys
5908,33J52,1P,Pair of Treys
5909,33J42,1P,Pair of Treys
5910,33T98,1P,Pair of Treys
5911,33T97,1P,Pair of Treys
5912,33T96,1P,Pair of Treys
5913,33T95,1P,Pair of Treys
5914,33T94,1P,Pair of Treys
5915,33T92,1P,Pair of Treys
5916,33T87,1P,Pair of Treys
5917,33T86,1P,Pair of Treys
5918,33T85,1P,Pair of Treys
5919,33T84,1P,Pair of Treys
5920,33T82,1P,Pair of Treys
5921,33T76,1P,Pair of Treys
5922,33T75,1P,Pair of Treys
5923,33T74,1P,Pair of Treys
5924,33T72,1P,Pair of Treys
5925,33T65,1P,Pair of Treys
5926,33T64,1P,Pair of Treys
5927,33T62,1P,Pair of Treys
5928,33T54,1P,Pair of Treys
5929,33T52,1P,Pair of Treys
5930,33T42,1P,Pair of Treys
5931,33987,1P,Pair of Treys
5932,33986,1P,Pair of Treys
5933,33985,1P,Pair of Treys
5934,33984,1P,Pair of Treys
5935,33982,1P,Pair of Treys
5936,33976,1P,Pair of Treys
5937,33975,1P,Pair of Treys
5938,33974,1P,Pair of Treys
5939,33972,1P,Pair of Treys
5940,33965,1P,Pair of Treys
5941,33964,1P,Pair of Treys
5942,33962,1P,Pair of Treys
5943,33954,1P,Pair of Treys
5944,33952,1P,Pair of Treys
5945,33942,1P,Pair of Treys
5946,33876,1P,Pair of Treys
5947,33875,1P,Pair of Treys
5948,33874,1P,Pair of Treys
5949,33872,1P,Pair of Treys
5950,33865,1P,Pair of Treys
5951,33864,1P,Pair of Treys
5952,33862,1P,Pair of Treys
5953,33854,1P,Pair of Treys
5954,33852,1P,Pair of Treys
5955,33842,1P,Pair of Treys
5956,33765,1P,Pair of Treys
5957,33764,1P,Pair of Treys
5958,33762,1P,Pair of Treys
5959,33754,1P,Pair of Treys
5960,33752,1P,Pair of Treys
5961,33742,1P,Pair of Treys
5962,33654,1P,Pair of Treys
5963,33652,1P,Pair of Treys
5964,33642,1P,Pair of Treys
5965,33542,1P,Pair of Treys
5966,22AKQ,1P,Pair of Deuces
5967,22AKJ,1P,Pair of Deuces
5968,22AKT,1P,Pair of Deuces
5969,22AK9,1P,Pair of Deuces
5970,22AK8,1P,Pair of Deuces
5971,22AK7,1P,Pair of Deuces
5972,22AK6,1P,Pair of Deuces
5973,22AK5,1P,Pair of Deuces
5974,22AK4,1P,Pair of Deuces
5975,22AK3,1P,Pair of Deuces
5976,22AQJ,1P,Pair of Deuces
5977,22AQT,1P,Pair of Deuces
5978,22AQ9,1P,Pair of Deuces
5979,22AQ8,1P,Pair of Deuces
5980,22AQ7,1P,Pair of Deuces
5981,22AQ6,1P,Pair of Deuces
5982,22AQ5,1P,Pair of Deuces
5983,22AQ4,1P,Pair of Deuces
5984,22AQ3,1P,Pair of Deuces
5985,22AJT,1P,Pair of Deuces
5986,22AJ9,1P,Pair of Deuces
5987,22AJ8,1P,Pair of Deuces
5988,22AJ7,1P,Pair of Deuces
5989,22AJ6,1P,Pair of Deuces
5990,22AJ5,1P,Pair of Deuces
5991,22AJ4,1P,Pair of Deuces
5992,22AJ3,1P,Pair of Deuces
5993,22AT9,1P,Pair of Deuces
5994,22AT8,1P,Pair of Deuces
5995,22AT7,1P,Pair of Deuces
5996,22AT6,1P,Pair of Deuces
5997,22AT5,1P,Pair of Deuces
5998,22AT4,1P,Pair of Deuces
5999,22AT3,1P,Pair of Deuces
6000,22A98,1P,Pair of Deuces
6001,22A97,1P,Pair of Deuces
6002,22A96,1P,Pair of Deuces
6003,22A95,1P,Pair of Deuces
6004,22A94,1P,Pair of Deuces
6005,22A93,1P,Pair of Deuces
6006,22A87,1P,Pair of Deuces
6007,22A86,1P,Pair of Deuces
6008,22A85,1P,Pair of Deuces
6009,22A84,1P,Pair of Deuces
6010,22A83,1P,Pair of Deuces
6011,22A76,1P,Pair of Deuces
6012,22A75,1P,Pair of Deuces
6013,22A74,1P,Pair of Deuces
6014,22A73,1P,Pair of Deuces
6015,22A65,1P,Pair of Deuces
6016,22A64,1P,Pair of Deuces
6017,22A63,1P,Pair of Deuces
6018,22A54,1P,Pair of Deuces
6019,22A53,1P,Pair of Deuces
6020,22A43,1P,Pair of Deuces
6021,22KQJ,1P,Pair of Deuces
6022,22KQT,1P,Pair of Deuces
6023,22KQ9,1P,Pair of Deuces
6024,22KQ8,1P,Pair of Deuces
6025,22KQ7,1P,Pair of Deuces
6026,22KQ6,1P,Pair of Deuces
6027,22KQ5,1P,Pair of Deuces
6028,22KQ4,1P,Pair of Deuces
6029,22KQ3,1P,Pair of Deuces
6030,22KJT,1P,Pair of Deuces
6031,22KJ9,1P,Pair of Deuces
6032,22KJ8,1P,Pair of Deuces
6033,22KJ7,1P,Pair of Deuces
6034,22KJ6,1P,Pair of Deuces
6035,22KJ5,1P,Pair of Deuces
6036,22KJ4,1P,Pair of Deuces
6037,22KJ3,1P,Pair of Deuces
6038,22KT9,1P,Pair of Deuces
6039,22KT8,1P,Pair of Deuces
6040,22KT7,1P,Pair of Deuces
6041,22KT6,1P,Pair of Deuces
6042,22KT5,1P,Pair of Deuces
6043,22KT4,1P,Pair of Deuces
6044,22KT3,1P,Pair of Deuces
6045,22K98,1P,Pair of Deuces
6046,22K97,1P,Pair of Deuces
6047,22K96,1P,Pair of Deuces
6048,22K95,1P,Pair of Deuces
6049,22K94,1P,Pair of Deuces
6050,22K93,1P,Pair of Deuces
6051,22K87,1P,Pair of Deuces
6052,22K86,1P,Pair of Deuces
6053,22K85,1P,Pair of Deuces
6054,22K84,1P,Pair of Deuces
6055,22K83,1P,Pair of Deuces
6056,22K76,1P,Pair of Deuces
6057,22K75,1P,Pair of Deuces
6058,22K74,1P,Pair of Deuces
6059,22K73,1P,Pair of Deuces
6060,22K65,1P,Pair of Deuces
6061,22K64,1P,Pair of Deuces
6062,22K63,1P,Pair of Deuces
6063,22K54,1P,Pair of Deuces
6064,22K53,1P,Pair of Deuces
6065,22K43,1P,Pair of Deuces
6066,22QJT,1P,Pair of Deuces
6067,22QJ9,1P,Pair of Deuces
6068,22QJ8,1P,Pair of Deuces
6069,22QJ7,1P,Pair of Deuces
6070,22QJ6,1P,Pair of Deuces
6071,22QJ5,1P,Pair of Deuces
6072,22QJ4,1P,Pair of Deuces
6073,22QJ3,1P,Pair of Deuces
6074,22QT9,1P,Pair of Deuces
6075,22QT8,1P,Pair of Deuces
6076,22QT7,1P,Pair of Deuces
6077,22QT6,1P,Pair of Deuces
6078,22QT5,1P,Pair of Deuces
6079,22QT4,1P,Pair of Deuces
6080,22QT3,1P,Pair of Deuces
6081,22Q98,1P,Pair of Deuces
6082,22Q97,1P,Pair of Deuces
6083,22Q96,1P,Pair of Deuces
6084,22Q95,1P,Pair of Deuces
6085,22Q94,1P,Pair of Deuces
6086,22Q93,1P,Pair of Deuces
6087,22Q87,1P,Pair of Deuces
6088,22Q86,1P,Pair of Deuces
6089,22Q85,1P,Pair of Deuces
6090,22Q84,1P,Pair of Deuces
6091,22Q83,1P,Pair of Deuces
6092,22Q76,1P,Pair of Deuces
6093,22Q75,1P,Pair of Deuces
6094,22Q74,1P,Pair of Deuces
6095,22Q73,1P,Pair of Deuces
6096,22Q65,1P,Pair of Deuces
6097,22Q64,1P,Pair of Deuces
6098,22Q63,1P,Pair of Deuces
6099,22Q54,1P,Pair of Deuces
6100,22Q53,1P,Pair of Deuces
6101,22Q43,1P,Pair of Deuces
6102,22JT9,1P,Pair of Deuces
6103,22JT8,1P,Pair of Deuces
6104,22JT7,1P,Pair of Deuces
6105,22JT6,1P,Pair of Deuces
6106,22JT5,1P,Pair of Deuces
6107,22JT4,1P,Pair of Deuces
6108,22JT3,1P,Pair of Deuces
6109,22J98,1P,Pair of Deuces
6110,22J97,1P,Pair of Deuces
6111,22J96,1P,Pair of Deuces
6112,22J95,1P,Pair of Deuces
6113,22J94,1P,Pair of Deuces
6114,22J93,1P,Pair of Deuces
6115,22J87,1P,Pair of Deuces
6116,22J86,1P,Pair of Deuces
6117,22J85,1P,Pair of Deuces
6118,22J84,1P,Pair of Deuces
6119,22J83,1P,Pair of Deuces
6120,22J76,1P,Pair of Deuces
6121,22J75,1P,Pair of Deuces
6122,22J74,1P,Pair of Deuces
6123,22J73,1P,Pair of Deuces
6124,22J65,1P,Pair of Deuces
6125,22J64,1P,Pair of Deuces
6126,22J63,1P,Pair of Deuces
6127,22J54,1P,Pair of Deuces
6128,22J53,1P,Pair of Deuces
6129,22J43,1P,Pair of Deuces
6130,22T98,1P,Pair of Deuces
6131,22T97,1P,Pair of Deuces
6132,22T96,1P,Pair of Deuces
6133,22T95,1P,Pair of Deuces
6134,22T94,1P,Pair of Deuces
6135,22T93,1P,Pair of Deuces
6136,22T87,1P,Pair of Deuces
6137,22T86,1P,Pair of Deuces
6138,22T85,1P,Pair of Deuces
6139,22T84,1P,Pair of Deuces
6140,22T83,1P,Pair of Deuces
6141,22T76,1P,Pair of Deuces
6142,22T75,1P,Pair of Deuces
6143,22T74,1P,Pair of Deuces
6144,22T73,1P,Pair of Deuces
6145,22T65,1P,Pair of Deuces
6146,22T64,1P,Pair of Deuces
6147,22T63,1P,Pair of Deuces
6148,22T54,1P,Pair of Deuces
6149,22T53,1P,Pair of Deuces
6150,22T43,1P,Pair of Deuces
6151,22987,1P,Pair of Deuces
6152,22986,1P,Pair of Deuces
6153,22985,1P,Pair of Deuces
6154,22984,1P,Pair of Deuces
6155,22983,1P,Pair of Deuces
6156,22976,1P,Pair of Deuces
6157,22975,1P,Pair of Deuces
6158,22974,1P,Pair of Deuces
6159,22973,1P,Pair of Deuces
6160,22965,1P,Pair of Deuces
6161,22964,1P,Pair of Deuces
6162,22963,1P,Pair of Deuces
6163,22954,1P,Pair of Deuces
6164,22953,1P,Pair of Deuces
6165,22943,1P,Pair of Deuces
6166,22876,1P,Pair of Deuces
6167,22875,1P,Pair of Deuces
6168,22874,1P,Pair of Deuces
6169,22873,1P,Pair of Deuces
6170,22865,1P,Pair of Deuces
6171,22864,1P,Pair of Deuces
6172,22863,1P,Pair of Deuces
6173,22854,1P,Pair of Deuces
6174,22853,1P,Pair of Deuces
6175,22843,1P,Pair of Deuces
6176,22765,1P,Pair of Deuces
6177,22764,1P,Pair of Deuces
6178,22763,1P,Pair of Deuces
6179,22754,1P,Pair of Deuces
6180,22753,1P,Pair of Deuces
6181,22743,1P,Pair of Deuces
6182,22654,1P,Pair of Deuces
6183,22653,1P,Pair of Deuces
6184,22643,1P,Pair of Deuces
6185,22543,1P,Pair of Deuces
6186,AKQJ9,HC,Ace-High
6187,AKQJ8,HC,Ace-High
6188,AKQJ7,HC,Ace-High
6189,AKQJ6,HC,Ace-High
6190,AKQJ5,HC,Ace-High
6191,AKQJ4,HC,Ace-High
6192,AKQJ3,HC,Ace-High
6193,AKQJ2,HC,Ace-High
6194,AKQT9,HC,Ace-High
6195,AKQT8,HC,Ace-High
6196,AKQT7,HC,Ace-High
6197,AKQT6,HC,Ace-High
6198,AKQT5,HC,Ace-High
6199,AKQT4,HC,Ace-High
6200,AKQT3,HC,Ace-High
6201,AKQT2,HC,Ace-High
6202,AKQ98,HC,Ace-High
6203,AKQ97,HC,Ace-High
6204,AKQ96,HC,Ace-High
6205,AKQ95,HC,Ace-High
6206,AKQ94,HC,Ace-High
6207,AKQ93,HC,Ace-High
6208,AKQ92,HC,Ace-High
6209,AKQ87,HC,Ace-High
6210,AKQ86,HC,Ace-High
6211,AKQ85,HC,Ace-High
6212,AKQ84,HC,Ace-High
6213,AKQ83,HC,Ace-High
6214,AKQ82,HC,Ace-High
6215,AKQ76,HC,Ace-High
6216,AKQ75,HC,Ace-High
6217,AKQ74,HC,Ace-High
6218,AKQ73,HC,Ace-High
6219,AKQ72,HC,Ace-High
6220,AKQ65,HC,Ace-High
6221,AKQ64,HC,Ace-High
6222,AKQ63,HC,Ace-High
6223,AKQ62,HC,Ace-High
6224,AKQ54,HC,Ace-High
6225,AKQ53,HC,Ace-High
6226,AKQ52,HC,Ace-High
6227,AKQ43,HC,Ace-High
6228,AKQ42,HC,Ace-High
6229,AKQ32,HC,Ace-High
6230,AKJT9,HC,Ace-High
6231,AKJT8,HC,Ace-High
6232,AKJT7,HC,Ace-High
6233,AKJT6,HC,Ace-High
6234,AKJT5,HC,Ace-High
6235,AKJT4,HC,Ace-High
6236,AKJT3,HC,Ace-High
6237,AKJT2,HC,Ace-High
6238,AKJ98,HC,Ace-High
6239,AKJ97,HC,Ace-High
6240,AKJ96,HC,Ace-High
6241,AKJ95,HC,Ace-High
6242,AKJ94,HC,Ace-High
6243,AKJ93,HC,Ace-High
6244,AKJ92,HC,Ace-High
6245,AKJ87,HC,Ace-High
6246,AKJ86,HC,Ace-High
6247,AKJ85,HC,Ace-High
6248,AKJ84,HC,Ace-High
6249,AKJ83,HC,Ace-High
6250,AKJ82,HC,Ace-High
6251,AKJ76,HC,Ace-High
6252,AKJ75,HC,Ace-High
6253,AKJ74,HC,Ace-High
6254,AKJ73,HC,Ace-High
6255,AKJ72,HC,Ace-High
6256,AKJ65,HC,Ace-High
6257,AKJ64,HC,Ace-High
6258,AKJ63,HC,Ace-High
6259,AKJ62,HC,Ace-High
6260,AKJ54,HC,Ace-High
6261,AKJ53,HC,Ace-High
6262,AKJ52,HC,Ace-High
6263,AKJ43,HC,Ace-High
6264,AKJ42,HC,Ace-High
6265,AKJ32,HC,Ace-High
6266,AKT98,HC,Ace-High
6267,AKT97,HC,Ace-High
6268,AKT96,HC,Ace-High
6269,AKT95,HC,Ace-High
6270,AKT94,HC,Ace-High
6271,AKT93,HC,Ace-High
6272,AKT92,HC,Ace-High
6273,AKT87,HC,Ace-High
6274,AKT86,HC,Ace-High
6275,AKT85,HC,Ace-High
6276,AKT84,HC,Ace-High
6277,AKT83,HC,Ace-High
6278,AKT82,HC,Ace-High
6279,AKT76,HC,Ace-High
6280,AKT75,HC,Ace-High
6281,AKT74,HC,Ace-High
6282,AKT73,HC,Ace-High
6283,AKT72,HC,Ace-High
6284,AKT65,HC,Ace-High
6285,AKT64,HC,Ace-High
6286,AKT63,HC,Ace-High
6287,AKT62,HC,Ace-High
6288,AKT54,HC,Ace-High
6289,AKT53,HC,Ace-High
6290,AKT52,HC,Ace-High
6291,AKT43,HC,Ace-High
6292,AKT42,HC,Ace-High
6293,AKT32,HC,Ace-High
6294,AK987,HC,Ace-High
6295,AK986,HC,Ace-High
6296,AK985,HC,Ace-High
6297,AK984,HC,Ace-High
6298,AK983,HC,Ace-High
6299,AK982,HC,Ace-High
6300,AK976,HC,Ace-High
6301,AK975,HC,Ace-High
6302,AK974,HC,Ace-High
6303,AK973,HC,Ace-High
6304,AK972,HC,Ace-High
6305,AK965,HC,Ace-High
6306,AK964,HC,Ace-High
6307,AK963,HC,Ace-High
6308,AK962,HC,Ace-High
6309,AK954,HC,Ace-High
6310,AK953,HC,Ace-High
6311,AK952,HC,Ace-High
6312,AK943,HC,Ace-High
6313,AK942,HC,Ace-High
6314,AK932,HC,Ace-High
6315,AK876,HC,Ace-High
6316,AK875,HC,Ace-High
6317,AK874,HC,Ace-High
6318,AK873,HC,Ace-High
6319,AK872,HC,Ace-High
6320,AK865,HC,Ace-High
6321,AK864,HC,Ace-High
6322,AK863,HC,Ace-High
6323,AK862,HC,Ace-High
6324,AK854,HC,Ace-High
6325,AK853,HC,Ace-High
6326,AK852,HC,Ace-High
6327,AK843,HC,Ace-High
6328,AK842,HC,Ace-High
6329,AK832,HC,Ace-High
6330,AK765,HC,Ace-High
6331,AK764,HC,Ace-High
6332,AK763,HC,Ace-High
6333,AK762,HC,Ace-High
6334,AK754,HC,Ace-High
6335,AK753,HC,Ace-High
6336,AK752,HC,Ace-High
6337,AK743,HC,Ace-High
6338,AK742,HC,Ace-High
6339,AK732,HC,Ace-High
6340,AK654,HC,Ace-High
6341,AK653,HC,Ace-High
6342,AK652,HC,Ace-High
6343,AK643,HC,Ace-High
6344,AK642,HC,Ace-High
6345,AK632,HC,Ace-High
6346,AK543,HC,Ace-High
6347,AK542,HC,Ace-High
6348,AK532,HC,Ace-High
6349,AK432,HC,Ace-High
6350,AQJT9,HC,Ace-High
6351,AQJT8,HC,Ace-High
6352,AQJT7,HC,Ace-High
6353,AQJT6,HC,Ace-High
6354,AQJT5,HC,Ace-High
6355,AQJT4,HC,Ace-High
6356,AQJT3,HC,Ace-High
6357,AQJT2,HC,Ace-High
6358,AQJ98,HC,Ace-High
6359,AQJ97,HC,Ace-High
6360,AQJ96,HC,Ace-High
6361,AQJ95,HC,Ace-High
6362,AQJ94,HC,Ace-High
6363,AQJ93,HC,Ace-High
6364,AQJ92,HC,Ace-High
6365,AQJ87,HC,Ace-High
6366,AQJ86,HC,Ace-High
6367,AQJ85,HC,Ace-High
6368,AQJ84,HC,Ace-High
6369,AQJ83,HC,Ace-High
6370,AQJ82,HC,Ace-High
6371,AQJ76,HC,Ace-High
6372,AQJ75,HC,Ace-High
6373,AQJ74,HC,Ace-High
6374,AQJ73,HC,Ace-High
6375,AQJ72,HC,Ace-High
6376,AQJ65,HC,Ace-High
6377,AQJ64,HC,Ace-High
6378,AQJ63,HC,Ace-High
6379,AQJ62,HC,Ace-High
6380,AQJ54,HC,Ace-High
6381,AQJ53,HC,Ace-High
6382,AQJ52,HC,Ace-High
6383,AQJ43,HC,Ace-High
6384,AQJ42,HC,Ace-High
6385,AQJ32,HC,Ace-High
6386,AQT98,HC,Ace-High
6387,AQT97,HC,Ace-High
6388,AQT96,HC,Ace-High
6389,AQT95,HC,Ace-High
6390,AQT94,HC,Ace-High
6391,AQT93,HC,Ace-High
6392,AQT92,HC,Ace-High
6393,AQT87,HC,Ace-High
6394,AQT86,HC,Ace-High
6395,AQT85,HC,Ace-High
6396,AQT84,HC,Ace-High
6397,AQT83,HC,Ace-High
6398,AQT82,HC,Ace-High
6399,AQT76,HC,Ace-High
6400,AQT75,HC,Ace-High
6401,AQT74,HC,Ace-High
6402,AQT73,HC,Ace-High
6403,AQT72,HC,Ace-High
6404,AQT65,HC,Ace-High
6405,AQT64,HC,Ace-High
6406,AQT63,HC,Ace-High
6407,AQT62,HC,Ace-High
6408,AQT54,HC,Ace-High
6409,AQT53,HC,Ace-High
6410,AQT52,HC,Ace-High
6411,AQT43,HC,Ace-High
6412,AQT42,HC,Ace-High
6413,AQT32,HC,Ace-High
6414,AQ987,HC,Ace-High
6415,AQ986,HC,Ace-High
6416,AQ985,HC,Ace-High
6417,AQ984,HC,Ace-High
6418,AQ983,HC,Ace-High
6419,AQ982,HC,Ace-High
6420,AQ976,HC,Ace-High
6421,AQ975,HC,Ace-High
6422,AQ974,HC,Ace-High
6423,AQ973,HC,Ace-High
6424,AQ972,HC,Ace-High
6425,AQ965,HC,Ace-High
6426,AQ964,HC,Ace-High
6427,AQ963,HC,Ace-High
6428,AQ962,HC,Ace-High
6429,AQ954,HC,Ace-High
6430,AQ953,HC,Ace-High
6431,AQ952,HC,Ace-High
6432,AQ943,HC,Ace-High
6433,AQ942,HC,Ace-High
6434,AQ932,HC,Ace-High
6435,AQ876,HC,Ace-High
6436,AQ875,HC,Ace-High
6437,AQ874,HC,Ace-High
6438,AQ873,HC,Ace-High
6439,AQ872,HC,Ace-High
6440,AQ865,HC,Ace-High
6441,AQ864,HC,Ace-High
6442,AQ863,HC,Ace-High
6443,AQ862,HC,Ace-High
6444,AQ854,HC,Ace-High
6445,AQ853,HC,Ace-High
6446,AQ852,HC,Ace-High
6447,AQ843,HC,Ace-High
6448,AQ842,HC,Ace-High
6449,AQ832,HC,Ace-High
6450,AQ765,HC,Ace-High
6451,AQ764,HC,Ace-High
6452,AQ763,HC,Ace-High
6453,AQ762,HC,Ace-High
6454,AQ754,HC,Ace-High
6455,AQ753,HC,Ace-High
6456,AQ752,HC,Ace-High
6457,AQ743,HC,Ace-High
6458,AQ742,HC,Ace-High
6459,AQ732,HC,Ace-High
6460,AQ654,HC,Ace-High
6461,AQ653,HC,Ace-High
6462,AQ652,HC,Ace-High
6463,AQ643,HC,Ace-High
6464,AQ642,HC,Ace-High
6465,AQ632,HC,Ace-High
6466,AQ543,HC,Ace-High
6467,AQ542,HC,Ace-High
6468,AQ532,HC,Ace-High
6469,AQ432,HC,Ace-High
6470,AJT98,HC,Ace-High
6471,AJT97,HC,Ace-High
6472,AJT96,HC,Ace-High
6473,AJT95,HC,Ace-High
6474,AJT94,HC,Ace-High
6475,AJT93,HC,Ace-High
6476,AJT92,HC,Ace-High
6477,AJT87,HC,Ace-High
6478,AJT86,HC,Ace-High
6479,AJT85,HC,Ace-High
6480,AJT84,HC,Ace-High
6481,AJT83,HC,Ace-High
6482,AJT82,HC,Ace-High
6483,AJT76,HC,Ace-High
6484,AJT75,HC,Ace-High
6485,AJT74,HC,Ace-High
6486,AJT73,HC,Ace-High
6487,AJT72,HC,Ace-High
6488,AJT65,HC,Ace-High
6489,AJT64,HC,Ace-High
6490,AJT63,HC,Ace-High
6491,AJT62,HC,Ace-High
6492,AJT54,HC,Ace-High
6493,AJT53,HC,Ace-High
6494,AJT52,HC,Ace-High
6495,AJT43,HC,Ace-High
6496,AJT42,HC,Ace-High
6497,AJT32,HC,Ace-High
6498,AJ987,HC,Ace-High
6499,AJ986,HC,Ace-High
6500,AJ985,HC,Ace-High
6501,AJ984,HC,Ace-High
6502,AJ983,HC,Ace-High
6503,AJ982,HC,Ace-High
6504,AJ976,HC,Ace-High
6505,AJ975,HC,Ace-High
6506,AJ974,HC,Ace-High
6507,AJ973,HC,Ace-High
6508,AJ972,HC,Ace-High
6509,AJ965,HC,Ace-High
6510,AJ964,HC,Ace-High
6511,AJ963,HC,Ace-High
6512,AJ962,HC,Ace-High
6513,AJ954,HC,Ace-High
6514,AJ953,HC,Ace-High
6515,AJ952,HC,Ace-High
6516,AJ943,HC,Ace-High
6517,AJ942,HC,Ace-High
6518,AJ932,HC,Ace-High
6519,AJ876,HC,Ace-High
6520,AJ875,HC,Ace-High
6521,AJ874,HC,Ace-High
6522,AJ873,HC,Ace-High
6523,AJ872,HC,Ace-High
6524,AJ865,HC,Ace-High
6525,AJ864,HC,Ace-High
6526,AJ863,HC,Ace-High
6527,AJ862,HC,Ace-High
6528,AJ854,HC,Ace-High
6529,AJ853,HC,Ace-High
6530,AJ852,HC,Ace-High
6531,AJ843,HC,Ace-High
6532,AJ842,HC,Ace-High
6533,AJ832,HC,Ace-High
6534,AJ765,HC,Ace-High
6535,AJ764,HC,Ace-High
6536,AJ763,HC,Ace-High
6537,AJ762,HC,Ace-High
6538,AJ754,HC,Ace-High
6539,AJ753,HC,Ace-High
6540,AJ752,HC,Ace-High
6541,AJ743,HC,Ace-High
6542,AJ742,HC,Ace-High
6543,AJ732,HC,Ace-High
6544,AJ654,HC,Ace-High
6545,AJ653,HC,Ace-High
6546,AJ652,HC,Ace-High
6547,AJ643,HC,Ace-High
6548,AJ642,HC,Ace-High
6549,AJ632,HC,Ace-High
6550,AJ543,HC,Ace-High
6551,AJ542,HC,Ace-High
6552,AJ532,HC,Ace-High
6553,AJ432,HC,Ace-High
6554,AT987,HC,Ace-High
6555,AT986,HC,Ace-High
6556,AT985,HC,Ace-High
6557,AT984,HC,Ace-High
6558,AT983,HC,Ace-High
6559,AT982,HC,Ace-High
6560,AT976,HC,Ace-High
6561,AT975,HC,Ace-High
6562,AT974,HC,Ace-High
6563,AT973,HC,Ace-High
6564,AT972,HC,Ace-High
6565,AT965,HC,Ace-High
6566,AT964,HC,Ace-High
6567,AT963,HC,Ace-High
6568,AT962,HC,Ace-High
6569,AT954,HC,Ace-High
6570,AT953,HC,Ace-High
6571,AT952,HC,Ace-High
6572,AT943,HC,Ace-High
6573,AT942,HC,Ace-High
6574,AT932,HC,Ace-High
6575,AT876,HC,Ace-High
6576,AT875,HC,Ace-High
6577,AT874,HC,Ace-High
6578,AT873,HC,Ace-High
6579,AT872,HC,Ace-High
6580,AT865,HC,Ace-High
6581,AT864,HC,Ace-High
6582,AT863,HC,Ace-High
6583,AT862,HC,Ace-High
6584,AT854,HC,Ace-High
6585,AT853,HC,Ace-High
6586,AT852,HC,Ace-High
6587,AT843,HC,Ace-High
6588,AT842,HC,Ace-High
6589,AT832,HC,Ace-High
6590,AT765,HC,Ace-High
6591,AT764,HC,Ace-High
6592,AT763,HC,Ace-High
6593,AT762,HC,Ace-High
6594,AT754,HC,Ace-High
6595,AT753,HC,Ace-High
6596,AT752,HC,Ace-High
6597,AT743,HC,Ace-High
6598,AT742,HC,Ace-High
6599,AT732,HC,Ace-High
6600,AT654,HC,Ace-High
6601,AT653,HC,Ace-High
6602,AT652,HC,Ace-High
6603,AT643,HC,Ace-High
6604,AT642,HC,Ace-High
6605,AT632,HC,Ace-High
6606,AT543,HC,Ace-High
6607,AT542,HC,Ace-High
6608,AT532,HC,Ace-High
6609,AT432,HC,Ace-High
6610,A9876,HC,Ace-High
6611,A9875,HC,Ace-High
6612,A9874,HC,Ace-High
6613,A9873,HC,Ace-High
6614,A9872,HC,Ace-High
6615,A9865,HC,Ace-High
6616,A9864,HC,Ace-High
6617,A9863,HC,Ace-High
6618,A9862,HC,Ace-High
6619,A9854,HC,Ace-High
6620,A9853,HC,Ace-High
6621,A9852,HC,Ace-High
6622,A9843,HC,Ace-High
6623,A9842,HC,Ace-High
6624,A9832,HC,Ace-High
6625,A9765,HC,Ace-High
6626,A9764,HC,Ace-High
6627,A9763,HC,Ace-High
6628,A9762,HC,Ace-High
6629,A9754,HC,Ace-High
6630,A9753,HC,Ace-High
6631,A9752,HC,Ace-High
6632,A9743,HC,Ace-High
6633,A9742,HC,Ace-High
6634,A9732,HC,Ace-High
6635,A9654,HC,Ace-High
6636,A9653,HC,Ace-High
6637,A9652,HC,Ace-High
6638,A9643,HC,Ace-High
6639,A9642,HC,Ace-High
6640,A9632,HC,Ace-High
6641,A9543,HC,Ace-High
6642,A9542,HC,Ace-High
6643,A9532,HC,Ace-High
6644,A9432,HC,Ace-High
6645,A8765,HC,Ace-High
6646,A8764,HC,Ace-High
6647,A8763,HC,Ace-High
6648,A8762,HC,Ace-High
6649,A8754,HC,Ace-High
6650,A8753,HC,Ace-High
6651,A8752,HC,Ace-High
6652,A8743,HC,Ace-High
6653,A8742,HC,Ace-High
6654,A8732,HC,Ace-High
6655,A8654,HC,Ace-High
6656,A8653,HC,Ace-High
6657,A8652,HC,Ace-High
6658,A8643,HC,Ace-High
6659,A8642,HC,Ace-High
6660,A8632,HC,Ace-High
6661,A8543,HC,Ace-High
6662,A8542,HC,Ace-High
6663,A8532,HC,Ace-High
6664,A8432,HC,Ace-High
6665,A7654,HC,Ace-High
6666,A7653,HC,Ace-High
6667,A7652,HC,Ace-High
6668,A7643,HC,Ace-High
6669,A7642,HC,Ace-High
6670,A7632,HC,Ace-High
6671,A7543,HC,Ace-High
6672,A7542,HC,Ace-High
6673,A7532,HC,Ace-High
6674,A7432,HC,Ace-High
6675,A6543,HC,Ace-High
6676,A6542,HC,Ace-High
6677,A6532,HC,Ace-High
6678,A6432,HC,Ace-High
6679,KQJT8,HC,King-High
6680,KQJT7,HC,King-High
6681,KQJT6,HC,King-High
6682,KQJT5,HC,King-High
6683,KQJT4,HC,King-High
6684,KQJT3,HC,King-High
6685,KQJT2,HC,King-High
6686,KQJ98,HC,King-High
6687,KQJ97,HC,King-High
6688,KQJ96,HC,King-High
6689,KQJ95,HC,King-High
6690,KQJ94,HC,King-High
6691,KQJ93,HC,King-High
6692,KQJ92,HC,King-High
6693,KQJ87,HC,King-High
6694,KQJ86,HC,King-High
6695,KQJ85,HC,King-High
6696,KQJ84,HC,King-High
6697,KQJ83,HC,King-High
6698,KQJ82,HC,King-High
6699,KQJ76,HC,King-High
6700,KQJ75,HC,King-High
6701,KQJ74,HC,King-High
6702,KQJ73,HC,King-High
6703,KQJ72,HC,King-High
6704,KQJ65,HC,King-High
6705,KQJ64,HC,King-High
6706,KQJ63,HC,King-High
6707,KQJ62,HC,King-High
6708,KQJ54,HC,King-High
6709,KQJ53,HC,King-High
6710,KQJ52,HC,King-High
6711,KQJ43,HC,King-High
6712,KQJ42,HC,King-High
6713,KQJ32,HC,King-High
6714,KQT98,HC,King-High
6715,KQT97,HC,King-High
6716,KQT96,HC,King-High
6717,KQT95,HC,King-High
6718,KQT94,HC,King-High
6719,KQT93,HC,King-High
6720,KQT92,HC,King-High
6721,KQT87,HC,King-High
6722,KQT86,HC,King-High
6723,KQT85,HC,King-High
6724,KQT84,HC,King-High
6725,KQT83,HC,King-High
6726,KQT82,HC,King-High
6727,KQT76,HC,King-High
6728,KQT75,HC,King-High
6729,KQT74,HC,King-High
6730,KQT73,HC,King-High
6731,KQT72,HC,King-High
6732,KQT65,HC,King-High
6733,KQT64,HC,King-High
6734,KQT63,HC,King-High
6735,KQT62,HC,King-High
6736,KQT54,HC,King-High
6737,KQT53,HC,King-High
6738,KQT52,HC,King-High
6739,KQT43,HC,King-High
6740,KQT42,HC,King-High
6741,KQT32,HC,King-High
6742,KQ987,HC,King-High
6743,KQ986,HC,King-High
6744,KQ985,HC,King-High
6745,KQ984,HC,King-High
6746,KQ983,HC,King-High
6747,KQ982,HC,King-High
6748,KQ976,HC,King-High
6749,KQ975,HC,King-High
6750,KQ974,HC,King-High
6751,KQ973,HC,King-High
6752,KQ972,HC,King-High
6753,KQ965,HC,King-High
6754,KQ964,HC,King-High
6755,KQ963,HC,King-High
6756,KQ962,HC,King-High
6757,KQ954,HC,King-High
6758,KQ953,HC,King-High
6759,KQ952,HC,King-High
6760,KQ943,HC,King-High
6761,KQ942,HC,King-High
6762,KQ932,HC,King-High
6763,KQ876,HC,King-High
6764,KQ875,HC,King-High
6765,KQ874,HC,King-High
6766,KQ873,HC,King-High
6767,KQ872,HC,King-High
6768,KQ865,HC,King-High
6769,KQ864,HC,King-High
6770,KQ863,HC,King-High
6771,KQ862,HC,King-High
6772,KQ854,HC,King-High
6773,KQ853,HC,King-High
6774,KQ852,HC,King-High
6775,KQ843,HC,King-High
6776,KQ842,HC,King-High
6777,KQ832,HC,King-High
6778,KQ765,HC,King-High
6779,KQ764,HC,King-High
6780,KQ763,HC,King-High
6781,KQ762,HC,King-High
6782,KQ754,HC,King-High
6783,KQ753,HC,King-High
6784,KQ752,HC,King-High
6785,KQ743,HC,King-High
6786,KQ742,HC,King-High
6787,KQ732,HC,King-High
6788,KQ654,HC,King-High
6789,KQ653,HC,King-High
6790,KQ652,HC,King-High
6791,KQ643,HC,King-High
6792,KQ642,HC,King-High
6793,KQ632,HC,King-High
6794,KQ543,HC,King-High
6795,KQ542,HC,King-High
6796,KQ532,HC,King-High
6797,KQ432,HC,King-High
6798,KJT98,HC,King-High
6799,KJT97,HC,King-High
6800,KJT96,HC,King-High
6801,KJT95,HC,King-High
6802,KJT94,HC,King-High
6803,KJT93,HC,King-High
6804,KJT92,HC,King-High
6805,KJT87,HC,King-High
6806,KJT86,HC,King-High
6807,KJT85,HC,King-High
6808,KJT84,HC,King-High
6809,KJT83,HC,King-High
6810,KJT82,HC,King-High
6811,KJT76,HC,King-High
6812,KJT75,HC,King-High
6813,KJT74,HC,King-High
6814,KJT73,HC,King-High
6815,KJT72,HC,King-High
6816,KJT65,HC,King-High
6817,KJT64,HC,King-High
6818,KJT63,HC,King-High
6819,KJT62,HC,King-High
6820,KJT54,HC,King-High
6821,KJT53,HC,King-High
6822,KJT52,HC,King-High
6823,KJT43,HC,King-High
6824,KJT42,HC,King-High
6825,KJT32,HC,King-High
6826,KJ987,HC,King-High
6827,KJ986,HC,King-High
6828,KJ985,HC,King-High
6829,KJ984,HC,King-High
6830,KJ983,HC,King-High
6831,KJ982,HC,King-High
6832,KJ976,HC,King-High
6833,KJ975,HC,King-High
6834,KJ974,HC,King-High
6835,KJ973,HC,King-High
6836,KJ972,HC,King-High
6837,KJ965,HC,King-High
6838,KJ964,HC,King-High
6839,KJ963,HC,King-High
6840,KJ962,HC,King-High
6841,KJ954,HC,King-High
6842,KJ953,HC,King-High
6843,KJ952,HC,King-High
6844,KJ943,HC,King-High
6845,KJ942,HC,King-High
6846,KJ932,HC,King-High
6847,KJ876,HC,King-High
6848,KJ875,HC,King-High
6849,KJ874,HC,King-High
6850,KJ873,HC,King-High
6851,KJ872,HC,King-High
6852,KJ865,HC,King-High
6853,KJ864,HC,King-High
6854,KJ863,HC,King-High
6855,KJ862,HC,King-High
6856,KJ854,HC,King-High
6857,KJ853,HC,King-High
6858,KJ852,HC,King-High
6859,KJ843,HC,King-High
6860,KJ842,HC,King-High
6861,KJ832,HC,King-High
6862,KJ765,HC,King-High
6863,KJ764,HC,King-High
6864,KJ763,HC,King-High
6865,KJ762,HC,King-High
6866,KJ754,HC,King-High
6867,KJ753,HC,King-High
6868,KJ752,HC,King-High
6869,KJ743,HC,King-High
6870,KJ742,HC,King-High
6871,KJ732,HC,King-High
6872,KJ654,HC,King-High
6873,KJ653,HC,King-High
6874,KJ652,HC,King-High
6875,KJ643,HC,King-High
6876,KJ642,HC,King-High
6877,KJ632,HC,King-High
6878,KJ543,HC,King-High
6879,KJ542,HC,King-High
6880,KJ532,HC,King-High
6881,KJ432,HC,King-High
6882,KT987,HC,King-High
6883,KT986,HC,King-High
6884,KT985,HC,King-High
6885,KT984,HC,King-High
6886,KT983,HC,King-High
6887,KT982,HC,King-High
6888,KT976,HC,King-High
6889,KT975,HC,King-High
6890,KT974,HC,King-High
6891,KT973,HC,King-High
6892,KT972,HC,King-High
6893,KT965,HC,King-High
6894,KT964,HC,King-High
6895,KT963,HC,King-High
6896,KT962,HC,King-High
6897,KT954,HC,King-High
6898,KT953,HC,King-High
6899,KT952,HC,King-High
6900,KT943,HC,King-High
6901,KT942,HC,King-High
6902,KT932,HC,King-High
6903,KT876,HC,King-High
6904,KT875,HC,King-High
6905,KT874,HC,King-High
6906,KT873,HC,King-High
6907,KT872,HC,King-High
6908,KT865,HC,King-High
6909,KT864,HC,King-High
6910,KT863,HC,King-High
6911,KT862,HC,King-High
6912,KT854,HC,King-High
6913,KT853,HC,King-High
6914,KT852,HC,King-High
6915,KT843,HC,King-High
6916,KT842,HC,King-High
6917,KT832,HC,King-High
6918,KT765,HC,King-High
6919,KT764,HC,King-High
6920,KT763,HC,King-High
6921,KT762,HC,King-High
6922,KT754,HC,King-High
6923,KT753,HC,King-High
6924,KT752,HC,King-High
6925,KT743,HC,King-High
6926,KT742,HC,King-High
6927,KT732,HC,King-High
6928,KT654,HC,King-High
6929,KT653,HC,King-High
6930,KT652,HC,King-High
6931,KT643,HC,King-High
6932,KT642,HC,King-High
6933,KT632,HC,King-High
6934,KT543,HC,King-High
6935,KT542,HC,King-High
6936,KT532,HC,King-High
6937,KT432,HC,King-High
6938,K9876,HC,King-High
6939,K9875,HC,King-High
6940,K9874,HC,King-High
6941,K9873,HC,King-High
6942,K9872,HC,King-High
6943,K9865,HC,King-High
6944,K9864,HC,King-High
6945,K9863,HC,King-High
6946,K9862,HC,King-High
6947,K9854,HC,King-High
6948,K9853,HC,King-High
6949,K9852,HC,King-High
6950,K9843,HC,King-High
6951,K9842,HC,King-High
6952,K9832,HC,King-High
6953,K9765,HC,King-High
6954,K9764,HC,King-High
6955,K9763,HC,King-High
6956,K9762,HC,King-High
6957,K9754,HC,King-High
6958,K9753,HC,King-High
6959,K9752,HC,King-High
6960,K9743,HC,King-High
6961,K9742,HC,King-High
6962,K9732,HC,King-High
6963,K9654,HC,King-High
6964,K9653,HC,King-High
6965,K9652,HC,King-High
6966,K9643,HC,King-High
6967,K9642,HC,King-High
6968,K9632,HC,King-High
6969,K9543,HC,King-High
6970,K9542,HC,King-High
6971,K9532,HC,King-High
6972,K9432,HC,King-High
6973,K8765,HC,King-High
6974,K8764,HC,King-High
6975,K8763,HC,King-High
6976,K8762,HC,King-High
6977,K8754,HC,King-High
6978,K8753,HC,King-High
6979,K8752,HC,King-High
6980,K8743,HC,King-High
6981,K8742,HC,King-High
6982,K8732,HC,King-High
6983,K8654,HC,King-High
6984,K8653,HC,King-High
6985,K8652,HC,King-High
6986,K8643,HC,King-High
6987,K8642,HC,King-High
6988,K8632,HC,King-High
6989,K8543,HC,King-High
6990,K8542,HC,King-High
6991,K8532,HC,King-High
6992,K8432,HC,King-High
6993,K7654,HC,King-High
6994,K7653,HC,King-High
6995,K7652,HC,King-High
6996,K7643,HC,King-High
6997,K7642,HC,King-High
6998,K7632,HC,King-High
6999,K7543,HC,King-High
7000,K7542,HC,King-High
7001,K7532,HC,King-High
7002,K7432,HC,King-High
7003,K6543,HC,King-High
7004,K6542,HC,King-High
7005,K6532,HC,King-High
7006,K6432,HC,King-High
7007,K5432,HC,King-High
7008,QJT97,HC,Queen-High
7009,QJT96,HC,Queen-High
7010,QJT95,HC,Queen-High
7011,QJT94,HC,Queen-High
7012,QJT93,HC,Queen-High
7013,QJT92,HC,Queen-High
7014,QJT87,HC,Queen-High
7015,QJT86,HC,Queen-High
7016,QJT85,HC,Queen-High
7017,QJT84,HC,Queen-High
7018,QJT83,HC,Queen-High
7019,QJT82,HC,Queen-High
7020,QJT76,HC,Queen-High
7021,QJT75,HC,Queen-High
7022,QJT74,HC,Queen-High
7023,QJT73,HC,Queen-High
7024,QJT72,HC,Queen-High
7025,QJT65,HC,Queen-High
7026,QJT64,HC,Queen-High
7027,QJT63,HC,Queen-High
7028,QJT62,HC,Queen-High
7029,QJT54,HC,Queen-High
7030,QJT53,HC,Queen-High
7031,QJT52,HC,Queen-High
7032,QJT43,HC,Queen-High
7033,QJT42,HC,Queen-High
7034,QJT32,HC,Queen-High
7035,QJ987,HC,Queen-High
7036,QJ986,HC,Queen-High
7037,QJ985,HC,Queen-High
7038,QJ984,HC,Queen-High
7039,QJ983,HC,Queen-High
7040,QJ982,HC,Queen-High
7041,QJ976,HC,Queen-High
7042,QJ975,HC,Queen-High
7043,QJ974,HC,Queen-High
7044,QJ973,HC,Queen-High
7045,QJ972,HC,Queen-High
7046,QJ965,HC,Queen-High
7047,QJ964,HC,Queen-High
7048,QJ963,HC,Queen-High
7049,QJ962,HC,Queen-High
7050,QJ954,HC,Queen-High
7051,QJ953,HC,Queen-High
7052,QJ952,HC,Queen-High
7053,QJ943,HC,Queen-High
7054,QJ942,HC,Queen-High
7055,QJ932,HC,Queen-High
7056,QJ876,HC,Queen-High
7057,QJ875,HC,Queen-High
7058,QJ874,HC,Queen-High
7059,QJ873,HC,Queen-High
7060,QJ872,HC,Queen-High
7061,QJ865,HC,Queen-High
7062,QJ864,HC,Queen-High
7063,QJ863,HC,Queen-High
7064,QJ862,HC,Queen-High
7065,QJ854,HC,Queen-High
7066,QJ853,HC,Queen-High
7067,QJ852,HC,Queen-High
7068,QJ843,HC,Queen-High
7069,QJ842,HC,Queen-High
7070,QJ832,HC,Queen-High
7071,QJ765,HC,Queen-High
7072,QJ764,HC,Queen-High
7073,QJ763,HC,Queen-High
7074,QJ762,HC,Queen-High
7075,QJ754,HC,Queen-High
7076,QJ753,HC,Queen-High
7077,QJ752,HC,Queen-High
7078,QJ743,HC,Queen-High
7079,QJ742,HC,Queen-High
7080,QJ732,HC,Queen-High
7081,QJ654,HC,Queen-High
7082,QJ653,HC,Queen-High
7083,QJ652,HC,Queen-High
7084,QJ643,HC,Queen-High
7085,QJ642,HC,Queen-High
7086,QJ632,HC,Queen-High
7087,QJ543,HC,Queen-High
7088,QJ542,HC,Queen-High
7089,QJ532,HC,Queen-High
7090,QJ432,HC,Queen-High
7091,QT987,HC,Queen-High
7092,QT986,HC,Queen-High
7093,QT985,HC,Queen-High
7094,QT984,HC,Queen-High
7095,QT983,HC,Queen-High
7096,QT982,HC,Queen-High
7097,QT976,HC,Queen-High
7098,QT975,HC,Queen-High
7099,QT974,HC,Queen-High
7100,QT973,HC,Queen-High
7101,QT972,HC,Queen-High
7102,QT965,HC,Queen-High
7103,QT964,HC,Queen-High
7104,QT963,HC,Queen-High
7105,QT962,HC,Queen-High
7106,QT954,HC,Queen-High
7107,QT953,HC,Queen-High
7108,QT952,HC,Queen-High
7109,QT943,HC,Queen-High
7110,QT942,HC,Queen-High
7111,QT932,HC,Queen-High
7112,QT876,HC,Queen-High
7113,QT875,HC,Queen-High
7114,QT874,HC,Queen-High
7115,QT873,HC,Queen-High
7116,QT872,HC,Queen-High
7117,QT865,HC,Queen-High
7118,QT864,HC,Queen-High
7119,QT863,HC,Queen-High
7120,QT862,HC,Queen-High
7121,QT854,HC,Queen-High
7122,QT853,HC,Queen-High
7123,QT852,HC,Queen-High
7124,QT843,HC,Queen-High
7125,QT842,HC,Queen-High
7126,QT832,HC,Queen-High
7127,QT765,HC,Queen-High
7128,QT764,HC,Queen-High
7129,QT763,HC,Queen-High
7130,QT762,HC,Queen-High
7131,QT754,HC,Queen-High
7132,QT753,HC,Queen-High
7133,QT752,HC,Queen-High
7134,QT743,HC,Queen-High
7135,QT742,HC,Queen-High
7136,QT732,HC,Queen-High
7137,QT654,HC,Queen-High
7138,QT653,HC,Queen-High
7139,QT652,HC,Queen-High
7140,QT643,HC,Queen-High
7141,QT642,HC,Queen-High
7142,QT632,HC,Queen-High
7143,QT543,HC,Queen-High
7144,QT542,HC,Queen-High
7145,QT532,HC,Queen-High
7146,QT432,HC,Queen-High
7147,Q9876,HC,Queen-High
7148,Q9875,HC,Queen-High
7149,Q9874,HC,Queen-High
7150,Q9873,HC,Queen-High
7151,Q9872,HC,Queen-High
7152,Q9865,HC,Queen-High
7153,Q9864,HC,Queen-High
7154,Q9863,HC,Queen-High
7155,Q9862,HC,Queen-High
7156,Q9854,HC,Queen-High
7157,Q9853,HC,Queen-High
7158,Q9852,HC,Queen-High
7159,Q9843,HC,Queen-High
7160,Q9842,HC,Queen-High
7161,Q9832,HC,Queen-High
7162,Q9765,HC,Queen-High
7163,Q9764,HC,Queen-High
7164,Q9763,HC,Queen-High
7165,Q9762,HC,Queen-High
7166,Q9754,HC,Queen-High
7167,Q9753,HC,Queen-High
7168,Q9752,HC,Queen-High
7169,Q9743,HC,Queen-High
7170,Q9742,HC,Queen-High
7171,Q9732,HC,Queen-High
7172,Q9654,HC,Queen-High
7173,Q9653,HC,Queen-High
7174,Q9652,HC,Queen-High
7175,Q9643,HC,Queen-High
7176,Q9642,HC,Queen-High
7177,Q9632,HC,Queen-High
7178,Q9543,HC,Queen-High
7179,Q9542,HC,Queen-High
7180,Q9532,HC,Queen-High
7181,Q9432,HC,Queen-High
7182,Q8765,HC,Queen-High
7183,Q8764,HC,Queen-High
7184,Q8763,HC,Queen-High
7185,Q8762,HC,Queen-High
7186,Q8754,HC,Queen-High
7187,Q8753,HC,Queen-High
7188,Q8752,HC,Queen-High
7189,Q8743,HC,Queen-High
7190,Q8742,HC,Queen-High
7191,Q8732,HC,Queen-High
7192,Q8654,HC,Queen-High
7193,Q8653,HC,Queen-High
7194,Q8652,HC,Queen-High
7195,Q8643,HC,Queen-High
7196,Q8642,HC,Queen-High
7197,Q8632,HC,Queen-High
7198,Q8543,HC,Queen-High
7199,Q8542,HC,Queen-High
7200,Q8532,HC,Queen-High
7201,Q8432,HC,Queen-High
7202,Q7654,HC,Queen-High
7203,Q7653,HC,Queen-High
7204,Q7652,HC,Queen-High
7205,Q7643,HC,Queen-High
7206,Q7642,HC,Queen-High
7207,Q7632,HC,Queen-High
7208,Q7543,HC,Queen-High
7209,Q7542,HC,Queen-High
7210,Q7532,HC,Queen-High
7211,Q7432,HC,Queen-High
7212,Q6543,HC,Queen-High
7213,Q6542,HC,Queen-High
7214,Q6532,HC,Queen-High
7215,Q6432,HC,Queen-High
7216,Q5432,HC,Queen-High
7217,JT986,HC,Jack-High
7218,JT985,HC,Jack-High
7219,JT984,HC,Jack-High
7220,JT983,HC,Jack-High
7221,JT982,HC,Jack-High
7222,JT976,HC,Jack-High
7223,JT975,HC,Jack-High
7224,JT974,HC,Jack-High
7225,JT973,HC,Jack-High
7226,JT972,HC,Jack-High
7227,JT965,HC,Jack-High
7228,JT964,HC,Jack-High
7229,JT963,HC,Jack-High
7230,JT962,HC,Jack-High
7231,JT954,HC,Jack-High
7232,JT953,HC,Jack-High
7233,JT952,HC,Jack-High
7234,JT943,HC,Jack-High
7235,JT942,HC,Jack-High
7236,JT932,HC,Jack-High
7237,JT876,HC,Jack-High
7238,JT875,HC,Jack-High
7239,JT874,HC,Jack-High
7240,JT873,HC,Jack-High
7241,JT872,HC,Jack-High
7242,JT865,HC,Jack-High
7243,JT864,HC,Jack-High
7244,JT863,HC,Jack-High
7245,JT862,HC,Jack-High
7246,JT854,HC,Jack-High
7247,JT853,HC,Jack-High
7248,JT852,HC,Jack-High
7249,JT843,HC,Jack-High
7250,JT842,HC,Jack-High
7251,JT832,HC,Jack-High
7252,JT765,HC,Jack-High
7253,JT764,HC,Jack-High
7254,JT763,HC,Jack-High
7255,JT762,HC,Jack-High
7256,JT754,HC,Jack-High
7257,JT753,HC,Jack-High
7258,JT752,HC,Jack-High
7259,JT743,HC,Jack-High
7260,JT742,HC,Jack-High
7261,JT732,HC,Jack-High
7262,JT654,HC,Jack-High
7263,JT653,HC,Jack-High
7264,JT652,HC,Jack-High
7265,JT643,HC,Jack-High
7266,JT642,HC,Jack-High
7267,JT632,HC,Jack-High
7268,JT543,HC,Jack-High
7269,JT542,HC,Jack-High
7270,JT532,HC,Jack-High
7271,JT432,HC,Jack-High
7272,J9876,HC,Jack-High
7273,J9875,HC,Jack-High
7274,J9874,HC,Jack-High
7275,J9873,HC,Jack-High
7276,J9872,HC,Jack-High
7277,J9865,HC,Jack-High
7278,J9864,HC,Jack-High
7279,J9863,HC,Jack-High
7280,J9862,HC,Jack-High
7281,J9854,HC,Jack-High
7282,J9853,HC,Jack-High
7283,J9852,HC,Jack-High
7284,J9843,HC,Jack-High
7285,J9842,HC,Jack-High
7286,J9832,HC,Jack-High
7287,J9765,HC,Jack-High
7288,J9764,HC,Jack-High
7289,J9763,HC,Jack-High
7290,J9762,HC,Jack-High
7291,J9754,HC,Jack-High
7292,J9753,HC,Jack-High
7293,J9752,HC,Jack-High
7294,J9743,HC,Jack-High
7295,J9742,HC,Jack-High
7296,J9732,HC,Jack-High
7297,J9654,HC,Jack-High
7298,J9653,HC,Jack-High
7299,J9652,HC,Jack-High
7300,J9643,HC,Jack-High
7301,J9642,HC,Jack-High
7302,J9632,HC,Jack-High
7303,J9543,HC,Jack-High
7304,J9542,HC,Jack-High
7305,J9532,HC,Jack-High
7306,J9432,HC,Jack-High
7307,J8765,HC,Jack-High
7308,J8764,HC,Jack-High
7309,J8763,HC,Jack-High
7310,J8762,HC,Jack-High
7311,J8754,HC,Jack-High
7312,J8753,HC,Jack-High
7313,J8752,HC,Jack-High
7314,J8743,HC,Jack-High
7315,J8742,HC,Jack-High
7316,J8732,HC,Jack-High
7317,J8654,HC,Jack-High
7318,J8653,HC,Jack-High
7319,J8652,HC,Jack-High
7320,J8643,HC,Jack-High
7321,J8642,HC,Jack-High
7322,J8632,HC,Jack-High
7323,J8543,HC,Jack-High
7324,J8542,HC,Jack-High
7325,J8532,HC,Jack-High
7326,J8432,HC,Jack-High
7327,J7654,HC,Jack-High
7328,J7653,HC,Jack-High
7329,J7652,HC,Jack-High
7330,J7643,HC,Jack-High
7331,J7642,HC,Jack-High
7332,J7632,HC,Jack-High
7333,J7543,HC,Jack-High
7334,J7542,HC,Jack-High
7335,J7532,HC,Jack-High
7336,J7432,HC,Jack-High
7337,J6543,HC,Jack-High
7338,J6542,HC,Jack-High
7339,J6532,HC,Jack-High
7340,J6432,HC,Jack-High
7341,J5432,HC,Jack-High
7342,T9875,HC,Ten-High
7343,T9874,HC,Ten-High
7344,T9873,HC,Ten-High
7345,T9872,HC,Ten-High
7346,T9865,HC,Ten-High
7347,T9864,HC,Ten-High
7348,T9863,HC,Ten-High
7349,T9862,HC,Ten-High
7350,T9854,HC,Ten-High
7351,T9853,HC,Ten-High
7352,T9852,HC,Ten-High
7353,T9843,HC,Ten-High
7354,T9842,HC,Ten-High
7355,T9832,HC,Ten-High
7356,T9765,HC,Ten-High
7357,T9764,HC,Ten-High
7358,T9763,HC,Ten-High
7359,T9762,HC,Ten-High
7360,T9754,HC,Ten-High
7361,T9753,HC,Ten-High
7362,T9752,HC,Ten-High
7363,T9743,HC,Ten-High
7364,T9742,HC,Ten-High
7365,T9732,HC,Ten-High
7366,T9654,HC,Ten-High
7367,T9653,HC,Ten-High
7368,T9652,HC,Ten-High
7369,T9643,HC,Ten-High
7370,T9642,HC,Ten-High
7371,T9632,HC,Ten-High
7372,T9543,HC,Ten-High
7373,T9542,HC,Ten-High
7374,T9532,HC,Ten-High
7375,T9432,HC,Ten-High
7376,T8765,HC,Ten-High
7377,T8764,HC,Ten-High
7378,T8763,HC,Ten-High
7379,T8762,HC,Ten-High
7380,T8754,HC,Ten-High
7381,T8753,HC,Ten-High
7382,T8752,HC,Ten-High
7383,T8743,HC,Ten-High
7384,T8742,HC,Ten-High
7385,T8732,HC,Ten-High
7386,T8654,HC,Ten-High
7387,T8653,HC,Ten-High
7388,T8652,HC,Ten-High
7389,T8643,HC,Ten-High
7390,T8642,HC,Ten-High
7391,T8632,HC,Ten-High
7392,T8543,HC,Ten-High
7393,T8542,HC,Ten-High
7394,T8532,HC,Ten-High
7395,T8432,HC,Ten-High
7396,T7654,HC,Ten-High
7397,T7653,HC,Ten-High
7398,T7652,HC,Ten-High
7399,T7643,HC,Ten-High
7400,T7642,HC,Ten-High
7401,T7632,HC,Ten-High
7402,T7543,HC,Ten-High
7403,T7542,HC,Ten-High
7404,T7532,HC,Ten-High
7405,T7432,HC,Ten-High
7406,T6543,HC,Ten-High
7407,T6542,HC,Ten-High
7408,T6532,HC,Ten-High
7409,T6432,HC,Ten-High
7410,T5432,HC,Ten-High
7411,98764,HC,Nine-High
7412,98763,HC,Nine-High
7413,98762,HC,Nine-High
7414,98754,HC,Nine-High
7415,98753,HC,Nine-High
7416,98752,HC,Nine-High
7417,98743,HC,Nine-High
7418,98742,HC,Nine-High
7419,98732,HC,Nine-High
7420,98654,HC,Nine-High
7421,98653,HC,Nine-High
7422,98652,HC,Nine-High
7423,98643,HC,Nine-High
7424,98642,HC,Nine-High
7425,98632,HC,Nine-High
7426,98543,HC,Nine-High
7427,98542,HC,Nine-High
7428,98532,HC,Nine-High
7429,98432,HC,Nine-High
7430,97654,HC,Nine-High
7431,97653,HC,Nine-High
7432,97652,HC,Nine-High
7433,97643,HC,Nine-High
7434,97642,HC,Nine-High
7435,97632,HC,Nine-High
7436,97543,HC,Nine-High
7437,97542,HC,Nine-High
7438,97532,HC,Nine-High
7439,97432,HC,Nine-High
7440,96543,HC,Nine-High
7441,96542,HC,Nine-High
7442,96532,HC,Nine-High
7443,96432,HC,Nine-High
7444,95432,HC,Nine-High
7445,87653,HC,Eight-High
7446,87652,HC,Eight-High
7447,87643,HC,Eight-High
7448,87642,HC,Eight-High
7449,87632,HC,Eight-High
7450,87543,HC,Eight-High
7451,87542,HC,Eight-High
7452,87532,HC,Eight-High
7453,87432,HC,Eight-High
7454,86543,HC,Eight-High
7455,86542,HC,Eight-High
7456,86532,HC,Eight-High
7457,86432,HC,Eight-High
7458,85432,HC,Eight-High
7459,76542,HC,Seven-High
7460,76532,HC,Seven-High
7461,76432,HC,Seven-High
7462,75432,HC,Seven-High
